<?xml version="1.0" encoding="ISO-8859-1"?>
<!DOCTYPE konfigurationsBereich PUBLIC "-//K2S//DTD Dokument//DE" "K2S.dtd">
<konfigurationsBereich pid="kb.duaTestObjekte" verantwortlich="kv.aoe.bitctrl.tester">
	<konfigurationsAenderung stand="28.06.2007" version="1" autor="Thomas Thierfelder, BitCtrl Systems GmbH" grund="Test Pl-Pruefung logisch LVE">Konfigurationsbereich neu erstellt.</konfigurationsAenderung>
	<modell>
	</modell>
	<objekte>
		<konfigurationsObjekt pid="AAA.Test.fs.kzd.1" name="AAA.KurzzeitFS.1" typ="typ.fahrStreifen">
		</konfigurationsObjekt>
		<konfigurationsObjekt pid="AAA.Test.fs.kzd.2" name="AAA.KurzzeitFS.2" typ="typ.fahrStreifen">
		</konfigurationsObjekt>
		<konfigurationsObjekt pid="AAA.Test.fs.kzd.3" name="AAA.KurzzeitFS.3" typ="typ.fahrStreifen">
		</konfigurationsObjekt>
		<konfigurationsObjekt pid="AAA.Test.fs.lzd.1" name="AAA.LangzeitFS.1" typ="typ.fahrStreifenLangZeit">
		</konfigurationsObjekt>
		<konfigurationsObjekt pid="AAA.Test.fs.lzd.2" name="AAA.LangzeitFS.2" typ="typ.fahrStreifenLangZeit">
		</konfigurationsObjekt>
		<konfigurationsObjekt pid="AAA.Test.fs.lzd.3" name="AAA.LangzeitFS.3" typ="typ.fahrStreifenLangZeit">
		</konfigurationsObjekt>
	</objekte>
</konfigurationsBereich>
