<?xml version="1.0" encoding="ISO-8859-1" standalone="no"?>
<!DOCTYPE verwaltungsdaten PUBLIC "-//K2S//DTD Verwaltung//DE" "verwaltungsdaten.dtd">
<verwaltungsdaten>
	<konfigurationsverantwortlicher pid="kv.bitctrl"/>
	<konfigurationsbereich pid="kb.kv.bitctrl" verzeichnis="../../kv.bitctrl/config/">
		<version nr="1" zeitpunkt="03.03.2007 17:16:23,000"/>
	</konfigurationsbereich>
	<konfigurationsbereich pid="kb.kv.bea" verzeichnis="../../kv.bea/config/">
		<version nr="1" zeitpunkt="03.03.2007 17:16:23,000"/>
	</konfigurationsbereich>
	<konfigurationsbereich pid="kb.tmVewProtokolleGlobal" verzeichnis="../../kv.bea/config/">
		<version nr="1" zeitpunkt="03.03.2007 17:16:23,000"/>
		<version nr="2" zeitpunkt="19.03.2007 07:44:25,061"/>
	</konfigurationsbereich>
	<konfigurationsbereich pid="kb.fachModellGlobal" verzeichnis="../../kv.kappich/config/">
		<version nr="1" zeitpunkt="03.03.2007 17:16:23,000"/>
		<version nr="2" zeitpunkt="08.03.2007 14:33:41,125"/>
		<version nr="6" zeitpunkt="19.03.2007 07:44:25,061"/>
		<version nr="7" zeitpunkt="20.03.2007 23:14:56,232"/>
	</konfigurationsbereich>
	<konfigurationsbereich pid="kb.kv.kappich" verzeichnis="../../kv.kappich/config/">
		<version nr="1" zeitpunkt="03.03.2007 17:16:23,000"/>
	</konfigurationsbereich>
	<konfigurationsbereich pid="kb.metaModellGlobal" verzeichnis="../../kv.kappich/config/">
		<version nr="1" zeitpunkt="03.03.2007 17:16:23,000"/>
		<version nr="4" zeitpunkt="19.03.2007 07:44:25,081"/>
		<version nr="7" zeitpunkt="10.07.2007 15:38:00,769"/>
	</konfigurationsbereich>
	<konfigurationsbereich pid="kb.systemModellGlobal" verzeichnis="../../kv.kappich/config/">
		<version nr="1" zeitpunkt="03.03.2007 17:16:23,000"/>
		<version nr="3" zeitpunkt="19.03.2007 07:44:25,081"/>
		<version nr="4" zeitpunkt="20.03.2007 23:14:56,232"/>
		<version nr="12" zeitpunkt="10.07.2007 15:38:00,769"/>
	</konfigurationsbereich>
	<konfigurationsbereich pid="kb.tmVewBetriebGlobal" verzeichnis="../../kv.kappich/config/">
		<version nr="1" zeitpunkt="03.03.2007 17:16:23,000"/>
		<version nr="2" zeitpunkt="19.03.2007 07:44:25,081"/>
	</konfigurationsbereich>
	<konfigurationsbereich pid="kb.tmVewSimulationGlobal" verzeichnis="../../kv.kappich/config/">
		<version nr="1" zeitpunkt="03.03.2007 17:16:23,000"/>
		<version nr="3" zeitpunkt="19.03.2007 07:44:25,091"/>
		<version nr="4" zeitpunkt="10.07.2007 15:38:00,769"/>
	</konfigurationsbereich>
	<konfigurationsbereich pid="kb.tmVewUdaGlobal" verzeichnis="">
		<version nr="1" zeitpunkt="23.04.2007 07:18:33,897"/>
	</konfigurationsbereich>
	<konfigurationsbereich pid="kb.kv.dambach" verzeichnis="../../kv.dambach/config/">
		<version nr="1" zeitpunkt="03.03.2007 18:09:29,000"/>
	</konfigurationsbereich>
	<konfigurationsbereich pid="kb.tmAnzeigenGlobal" verzeichnis="../../kv.dambach/config/">
		<version nr="1" zeitpunkt="03.03.2007 18:09:29,000"/>
		<version nr="5" zeitpunkt="10.07.2007 11:38:14,895"/>
	</konfigurationsbereich>
	<konfigurationsbereich pid="kb.tmAnzeigenGlobalZwischenschicht" verzeichnis="../../kv.dambach/config/">
		<version nr="1" zeitpunkt="03.03.2007 18:09:29,000"/>
		<version nr="2" zeitpunkt="10.07.2007 11:38:14,895"/>
	</konfigurationsbereich>
	<konfigurationsbereich pid="kb.tmAnzeigenGlobalZwischenschichtTls" verzeichnis="../../kv.dambach/config/">
		<version nr="1" zeitpunkt="03.03.2007 18:09:29,000"/>
		<version nr="2" zeitpunkt="10.07.2007 11:38:14,895"/>
	</konfigurationsbereich>
	<konfigurationsbereich pid="kb.tmDarstellungAnzeigeQuerschnitt" verzeichnis="../../kv.dambach/config/">
		<version nr="1" zeitpunkt="03.03.2007 18:09:29,000"/>
	</konfigurationsbereich>
	<konfigurationsbereich pid="kb.kv.inovat" verzeichnis="../../kv.inovat/config/">
		<version nr="1" zeitpunkt="03.03.2007 18:09:29,000"/>
	</konfigurationsbereich>

	<konfigurationsbereich pid="kb.tmEreignisKalenderGlobal" verzeichnis="../../kv.inovat/config/">
		<version nr="1" zeitpunkt="03.03.2007 18:09:29,000"/>
		<version nr="8" zeitpunkt="10.07.2007 11:38:14,895"/>
	</konfigurationsbereich>
	<konfigurationsbereich pid="kb.tmGanglinienGlobal" verzeichnis="../../kv.inovat/config/">
		<version nr="1" zeitpunkt="03.03.2007 18:09:29,000"/>
		<version nr="7" zeitpunkt="10.07.2007 11:38:14,895"/>
	</konfigurationsbereich>
	<konfigurationsbereich pid="kb.tmGeoReferenzierungGlobal" verzeichnis="../../kv.inovat/config/">
		<version nr="1" zeitpunkt="03.03.2007 18:09:29,000"/>
		<version nr="2" zeitpunkt="10.07.2007 11:38:14,895"/>
	</konfigurationsbereich>
	<konfigurationsbereich pid="kb.tmKExTlsGlobal" verzeichnis="../../kv.inovat/config/">
		<version nr="1" zeitpunkt="03.03.2007 18:09:29,000"/>
		<version nr="4" zeitpunkt="10.07.2007 11:38:14,895"/>
	</konfigurationsbereich>
	<konfigurationsbereich pid="kb.tmSystemKalenderGlobal" verzeichnis="../../kv.inovat/config/">
		<version nr="1" zeitpunkt="03.03.2007 18:09:29,000"/>
		<version nr="5" zeitpunkt="10.07.2007 11:38:14,895"/>
	</konfigurationsbereich>
	<konfigurationsbereich pid="kb.tmTmcGlobal" verzeichnis="../../kv.inovat/config/">
		<version nr="1" zeitpunkt="03.03.2007 18:09:29,000"/>
		<version nr="4" zeitpunkt="10.07.2007 11:38:14,895"/>
	</konfigurationsbereich>
	<konfigurationsbereich pid="kb.tmUmfeldDatenGlobal" verzeichnis="../../kv.inovat/config/">
		<version nr="1" zeitpunkt="03.03.2007 18:09:29,000"/>
		<version nr="15" zeitpunkt="10.07.2007 11:38:14,895"/>
	</konfigurationsbereich>
	<konfigurationsbereich pid="kb.tmVerkehrGlobal" verzeichnis="../../kv.inovat/config/">
		<version nr="1" zeitpunkt="03.03.2007 18:09:29,000"/>
		<version nr="15" zeitpunkt="10.07.2007 11:38:14,895"/>
	</konfigurationsbereich>
	<konfigurationsbereich pid="kb.ilse" verzeichnis="../../kv.kappich/config/">
		<version nr="1" zeitpunkt="03.03.2007 18:09:29,000"/>
		<version nr="3" zeitpunkt="10.07.2007 11:38:14,895"/>
	</konfigurationsbereich>
	<konfigurationsbereich pid="kb.objekteIntegrationsTestTools" verzeichnis="../../kv.kappich/config/">
		<version nr="1" zeitpunkt="03.03.2007 18:09:29,000"/>
	</konfigurationsbereich>
	<konfigurationsbereich pid="kb.objekteTestSystem" verzeichnis="../../kv.kappich/config/">
		<version nr="1" zeitpunkt="03.03.2007 18:09:29,000"/>
		<version nr="2" zeitpunkt="10.07.2007 11:38:14,895"/>
	</konfigurationsbereich>
	<konfigurationsbereich pid="kb.systemModellAoe" verzeichnis="../../kv.kappich/config/">
		<version nr="1" zeitpunkt="03.03.2007 18:09:29,000"/>
		<version nr="2" zeitpunkt="10.07.2007 11:38:14,895"/>
	</konfigurationsbereich>
	<konfigurationsbereich pid="kb.tmBuVGlobal" verzeichnis="../../kv.kappich/config/">
		<version nr="1" zeitpunkt="03.03.2007 18:09:29,000"/>
		<version nr="3" zeitpunkt="10.07.2007 11:38:14,895"/>
	</konfigurationsbereich>
	<konfigurationsbereich pid="kb.tmIlseTls" verzeichnis="../../kv.kappich/config/">
		<version nr="1" zeitpunkt="03.03.2007 18:09:29,000"/>
		<version nr="3" zeitpunkt="10.07.2007 11:38:14,895"/>
	</konfigurationsbereich>
	<konfigurationsbereich pid="kb.kv.logos" verzeichnis="../../kv.logos/config/">
		<version nr="1" zeitpunkt="03.03.2007 18:09:29,000"/>
	</konfigurationsbereich>
	<konfigurationsbereich pid="kb.tmLangZeitVerkehrsDaten" verzeichnis="../../kv.logos/config/">
		<version nr="1" zeitpunkt="03.03.2007 18:09:29,000"/>
		<version nr="3" zeitpunkt="10.07.2007 11:38:14,895"/>
	</konfigurationsbereich>
	<konfigurationsbereich pid="kb.kv.ptv" verzeichnis="../../kv.ptv/config/">
		<version nr="1" zeitpunkt="03.03.2007 18:09:29,000"/>
	</konfigurationsbereich>
	<konfigurationsbereich pid="kb.tmGeraeteEinbauOrte" verzeichnis="../../kv.ptv/config/">
		<version nr="1" zeitpunkt="03.03.2007 18:09:29,000"/>
		<version nr="2" zeitpunkt="10.07.2007 11:38:14,895"/>
	</konfigurationsbereich>
</verwaltungsdaten>
