qKfz(t)(1);Statusflag;qKfz(t)(2);Statusflag;qKfz(t)(3);Statusflag;qPkw(t)(1);Statusflag;qPkw(t)(2);Statusflag;qPkw(t)(3);Statusflag;qLkw(t)(1);Statusflag;qLkw(t)(2);Statusflag;qLkw(t)(3);Statusflag;vKfz(t)(1);Statusflag;vKfz(t)(2);Statusflag;vKfz(t)(3);Statusflag;vPkw(t)(1);Statusflag;vPkw(t)(2);Statusflag;vPkw(t)(3);Statusflag;vLkw(t)(1);Statusflag;vLkw(t)(2);Statusflag;vLkw(t)(3);Statusflag;vgKfz(t)(1);Statusflag;vgKfz(t)(2);Statusflag;vgKfz(t)(3);Statusflag;b(t)(1);Statusflag;b(t)(2);Statusflag;b(t)(3);Statusflag;aLkw(1);Statusflag;aLkw(2);Statusflag;aLkw(3);Statusflag;kKfz(1);Statusflag;kKfz(2);Statusflag;kKfz(3);Statusflag;kLkw(1);Statusflag;kLkw(2);Statusflag;kLkw(3);Statusflag;kPkw(1);Statusflag;kPkw(2);Statusflag;kPkw(3);Statusflag;qB(1);Statusflag;qB(2);Statusflag;qB(3);Statusflag;kB(1);Statusflag;kB(2);Statusflag;kB(3);Statusflag;QKfz;Statusflag;QLkw;Statusflag;QPkw;Statusflag;VKfz;Statusflag;VLkw;Statusflag;VPkw;Statusflag;VgKfz;Statusflag;B;Statusflag;Bmax;Statusflag;SKfz;Statusflag;Alkw;Statusflag;KKfz;Statusflag;KLkw;Statusflag;KPkw;Statusflag;QB;Statusflag;KB;Statusflag;VDelta;Statusflag
229200;1;300060;0,97 Intp ;296940;1;120180;0,97 Intp nErf ;60180;0,97 Intp nErf ;271200;1 nErf ;5340;0,97 Intp ;3120;1;25740;1;119;1 nErf ;64;1 nErf ;87;1 nErf ;122;1;64;1;95;1;94;1;89;0,97 Intp ;6;1;97;0,9409 Intp ;97;0,97 Intp ;10;1;48;1;47;1;46;1;2;0,9409 Intp ;1;1 Intp ;9;1;1926;1;4688;0,97 Intp ;3413;1;57;0,97 Intp ;35;0,97 Intp ;4290;1;985;0,97 Intp ;940;0,97 Intp ;2855;1;132355;0,97 Intp ;64860;0,9775 Intp ;353053;1;1112;0,97 Intp ;1013;0,9775 Intp ;4058;1;826200;0,99 Intp ;34200;0,99 Intp ;451560;0,98 Intp ;88;0,9801 Intp ;27;0,9702 Intp ;98;0,9604 Intp ;66;0,950994 Intp ;141;1;48;1;33;0,4950745012 Intp ;4;0,9801 Intp ;9389;0,970299 Intp ;1267;0,960498 Intp ;4608;0,941192 Intp ;585624;0,9678235 Intp ;6655;0,9485638123 Intp ;42;1
60420;1;176340;1;307380;1;49380;1 nErf ;60180;0,97 Intp nErf ;286500;1 nErf ;5340;0,97 Intp ;3540;0,97 Intp ;20880;1;157;0,97 Intp nErf ;127;0,97 Intp nErf ;199;0,97 Intp nErf ;227;1;163;0,97 Intp ;197;0,97 Intp ;61;1;89;0,97 Intp ;56;1;97;0,9409 Intp ;59;1;92;1;20;1;14;1;31;1;9;0,9409 Intp ;2;0,9409 Intp ;7;1;385;0,97 Intp ;1389;0,97 Intp ;1545;0,97 Intp ;88;0,97 Intp ;40;0,9409 Intp ;373;1;218;1;369;0,9409 Intp ;1454;0,97 Intp ;68924;0,985 Intp ;67127;0,95545 Intp ;374614;0,9925 Intp ;439;0,95545 Intp ;529;0,9267865 Intp ;1882;0,962725 Intp ;1370340;1;63960;0,98 Intp ;847620;0,99 Intp ;68;0,97 Intp ;28;0,950894 Intp ;91;0,960597 Intp ;33;0,9803 Intp ;206;1;31;1;72;0,4888625 Intp ;5;0,98 Intp ;20152;0,97 Intp ;2284;0,93187612 Intp ;9315;0,95099103 Intp ;1088110;0,963315295 Intp ;16002;0,9344158362 Intp ;47;0,97 Intp 
357900;1;300060;0,97 Intp ;497820;1;120180;0,97 Intp nErf ;60180;0,97 Intp nErf ;299820;0,97 Intp nErf ;5340;0,97 Intp ;3540;0,97 Intp ;23340;1;14;1 nErf ;85;1 nErf ;22;1 nErf ;13;1;84;1;19;1;37;1;89;0,97 Intp ;76;1;17;1;25;1;97;0,97 Intp ;33;1;33;1;25;1;1;0,9409 Intp ;1;0,9409 Intp ;5;1;25564;1;3530;0,97 Intp ;22628;1;144;0,97 Intp ;40;0,9409 Intp ;307;1;9245;0,97 Intp ;716;0,97 Intp ;15780;0,97 Intp ;130860;0,97 Intp ;65490;0,962725 Intp ;332496;0,985 Intp ;9347;0,97 Intp ;770;0,962725 Intp ;15113;0,985 Intp ;2526120;0,99 Intp ;96180;0,98 Intp ;1327800;0,97 Intp ;16;0,9801 Intp ;24;0,950894 Intp ;9;0,9409 Intp ;24;0,9702 Intp ;297;1;33;1;29;0,4950745012 Intp ;4;0,9702 Intp ;157882;0,970299 Intp ;4008;0,93187612 Intp ;147533;0,912673 Intp ;1568250;0,94848953 Intp ;98016;0,9296145884 Intp ;68;1
539460;1;282780;1;383280;1;120180;0,97 Intp nErf ;60180;0,97 Intp nErf ;299820;0,97 Intp nErf ;5340;0,97 Intp ;3540;0,97 Intp ;26640;1;157;0,97 Intp nErf ;54;1 nErf ;63;1 nErf ;239;0,97 Intp ;57;1;62;1;27;1;11;1;79;1;66;1;97;0,9409 Intp ;29;1;25;1;30;1;24;1;1;0,9409 Intp ;1;0,9409 Intp ;7;1;3436;0,97 Intp ;5237;1;6084;1;198;0,97 Intp ;322;0,97 Intp ;337;1;503;0,9409 Intp ;1056;0,97 Intp ;4836;0,97 Intp ;142181;0,962725 Intp ;66508;0,97 Intp ;337116;0,985 Intp ;906;0,93384325 Intp ;1232;0,97 Intp ;5351;0,985 Intp ;3731640;1;131700;0,98 Intp ;1807980;0,97 Intp ;33;0,99 Intp ;17;0,9604 Intp ;28;0,931491 Intp ;20;0,9803 Intp ;376;1;30;1;51;0,4962625 Intp ;4;0,98 Intp ;113080;0,99 Intp ;7747;0,941192 Intp ;64571;0,90354627 Intp ;2166204;0,948513295 Intp ;65643;0,939028162 Intp ;65;0,9925 Intp 
530760;1;300060;0,97 Intp ;489600;1;120180;0,97 Intp nErf ;60180;0,97 Intp nErf ;299820;0,97 Intp nErf ;5340;0,97 Intp ;3540;0,97 Intp ;15960;1;157;0,97 Intp nErf ;127;0,97 Intp nErf ;73;1 nErf ;237;1;130;1;75;1;39;1;22;1;8;1;97;0,9409 Intp ;97;0,97 Intp ;88;1;43;1;39;1;46;1;1;0,9409 Intp ;1;0,9409 Intp ;3;1;3381;0,97 Intp ;2363;0,9409 Intp ;6707;1;137;0,97 Intp ;161;0,97 Intp ;1995;1;507;0,97 Intp ;463;0,97 Intp ;3998;0,97 Intp ;141433;0,97 Intp ;67879;0,97 Intp ;343550;0,985 Intp ;901;0,9409 Intp ;534;0,9409 Intp ;4706;0,985 Intp ;5052060;0,99 Intp ;156540;0,98 Intp ;2288160;0,97 Intp ;31;0,960597 Intp ;3;0,9604 Intp ;26;0,9409 Intp ;24;0,950994 Intp ;504;1;46;1;52;0,4878559508 Intp ;3;0,9702 Intp ;162970;0,95099103 Intp ;52180;0,941192 Intp ;88006;0,912673 Intp ;2751518;0,9508185 Intp ;88759;0,9133533986 Intp ;40;0,9775 Intp 
575100;1;300060;0,97 Intp ;183900;1;120180;0,97 Intp nErf ;60180;0,97 Intp nErf ;183120;1 nErf ;360;1;3540;0,97 Intp ;780;1;20;1 nErf ;127;0,97 Intp nErf ;8;1 nErf ;20;1;163;0,97 Intp ;8;1;66;1;89;0,97 Intp ;94;1;73;1;97;0,97 Intp ;48;1;8;1;44;1;14;1;0;1;1;0,9409 Intp ;0;1;28755;1;2363;0,9409 Intp ;22988;1;5;1;40;0,9409 Intp ;8;1;6009;0,97 Intp ;369;0,9409 Intp ;22890;1;120900;0,985 Intp ;67127;0,95545 Intp ;184212;1;6045;0,985 Intp ;529;0,9267865 Intp ;23026;1;6111120;0,99 Intp ;161220;0,99 Intp ;2651640;0,98 Intp ;8;0,970497 Intp ;3;0,970497 Intp ;5;0,950894 Intp ;13;0,970497 Intp ;570;1;44;1;29;0,4915083059 Intp ;3;0,9801 Intp ;763890;0,96079203 Intp ;53740;0,96079203 Intp ;530328;0,93187612 Intp ;3061139;0,9655442725 Intp ;382642;0,9370578198 Intp ;112;0,985 Intp 
457380;1 Intp ;300060;0,97 Intp ;457380;1;299820;0,97 Intp nErf ;60180;0,97 Intp nErf ;299820;0,97 Intp nErf ;21420;1 Intp ;3540;0,97 Intp ;21420;1;102;1 nErf ;127;0,97 Intp nErf ;199;0,97 Intp nErf ;197;0,97 Intp ;163;0,97 Intp ;197;0,97 Intp ;66;1;71;1;17;1;97;0,97 Intp ;97;0,97 Intp ;97;0,97 Intp ;39;1;27;1;52;1;5;1 Intp ;1;0,9409 Intp ;5;1;4484;1 Intp ;2363;0,9409 Intp ;2298;0,97 Intp ;325;1 Intp ;50;0,97 Intp ;1260;1;1522;0,9409 Intp ;369;0,9409 Intp ;1522;0,9409 Intp ;370720;0,9775 Intp ;67526;0,962725 Intp ;406920;0,9775 Intp ;3635;0,9775 Intp ;532;0,93384325 Intp ;2045;0,948175 Intp ;7325940;0,99 Intp ;207600;0,99 Intp ;3311460;0,97 Intp ;24;0,960597 Intp ;10;0,9801 Intp ;39;0,912673 Intp ;16;0,950697 Intp ;688;1;52;1;52;0,4878559508 Intp ;3;0,9801 Intp ;305248;0,95099103 Intp ;20760;0,970299 Intp ;84909;0,88529281 Intp ;3950868;0,9534613175 Intp ;164620;0,9158920812 Intp ;44;0,9775 Intp 
244440;1;300060;0,97 Intp ;79320;1;120180;0,97 Intp nErf ;60180;0,97 Intp nErf ;70740;1 nErf ;2760;1;3540;0,97 Intp ;8580;1;85;1 nErf ;122;1 nErf ;16;1 nErf ;86;1;124;1;4;1;35;1;53;1;113;1;97;0,9409 Intp ;97;0,9409 Intp ;23;1;12;1;6;1;6;1;1;1;1;0,9409 Intp ;11;1;2876;1;2460;0,97 Intp ;4958;1;79;1;67;0,97 Intp ;76;1;1397;0,97 Intp ;485;0,97 Intp ;17685;1;127108;0,985 Intp ;67061;0,97 Intp ;82752;1;1495;0,985 Intp ;550;0,97 Intp ;5172;1;7949760;0,99 Intp ;222480;0,99 Intp ;3562560;0,98 Intp ;7;0,9801 Intp ;6;0,9801 Intp ;5;0,9604 Intp ;7;0,94167909 Intp ;712;1;12;1;28;0,4950745012 Intp ;3;0,9801 Intp ;1135680;0,970299 Intp ;37080;0,970299 Intp ;712512;0,941192 Intp ;4118760;0,97027375 Intp ;588394;0,9509653024 Intp ;65;1
451740;1 Intp ;284400;1;451740;1;299820;0,97 Intp nErf ;60180;0,97 Intp nErf ;299820;0,97 Intp nErf ;22020;1 Intp ;3540;0,97 Intp ;22020;1;-1;0 nErm nErf ;113;1 nErf ;62;1 nErf ;199;1;118;1;64;1;90;1;34;1;30;1;4;1;97;0,97 Intp ;97;0,97 Intp ;43;1;27;1;59;1;5;1 Intp ;1;0,9409 Intp ;5;1;307;1;2517;1;7286;1;245;1 Intp ;104;0,97 Intp ;734;1;1507;0,97 Intp ;510;0,97 Intp ;4685;0,97 Intp ;367862;0,985 Intp ;67349;0,97 Intp ;345622;0,985 Intp ;79;1 Intp ;596;0,97 Intp ;5575;0,985 Intp ;9137640;1 Intp ;270060;0,99 Intp ;4222380;0,97 Intp ;7;0,6666666667 Intp ;10;0,9801 Intp ;20;0,9409 Intp ;8;0,98 Intp ;841;1;59;1;39;0,3888888889 Intp ;3;0,99 Intp ;1305377;0,6666666667 Intp ;27006;0,970299 Intp ;211119;0,912673 Intp ;4951542;0,9604475 Intp ;707363;0,6402983333 Intp ;89;0,75 
222780;1 Intp ;82380;1;222780;1;217740;1 Intp nErf ;60180;0,97 Intp nErf ;217740;1 nErf ;5040;1 Intp ;3540;0,97 Intp ;5040;1;-1;0 nErm nErf ;33;1 nErf ;7;1 nErf ;5;1 Intp ;14;1;5;1;113;0,97 Intp ;89;0,97 Intp ;105;1;13;1;27;1;41;1;13;1;14;1;13;1;2;1 Intp ;4;0,9409 Intp ;2;1;307;1;2496;1;31826;1;45;0,97 Intp ;40;0,9409 Intp ;48;1;43548;1 Intp ;4299;0,97 Intp ;43548;1;227820;0,9925 Intp ;65490;0,962725 Intp ;224796;1;0;1 Intp ;1985;0,962725 Intp ;32114;1;9665580;1 Intp ;283680;0,99 Intp ;4718040;0,99 Intp ;0;0,6666666667 Intp ;5;0,960597 Intp ;1;0,9801 Intp ;1;1 Intp ;881;1;14;1;27;0,3888888889 Intp ;3;0,99 Intp ;491;1;56736;0,95099103 Intp ;4718040;0,970299 Intp ;5427240;0,9753225075 Intp ;449;1 Intp ;31;0,75 
336660;1 Intp ;300060;0,97 Intp ;336660;1;299820;0,97 Intp nErf ;60180;0,97 Intp nErf ;299820;0,97 Intp nErf ;6180;1 Intp ;3540;0,97 Intp ;6180;1;74;1 nErf ;127;0,97 Intp nErf ;111;1 nErf ;111;1 Intp ;163;0,97 Intp ;111;1;74;1;89;0,97 Intp ;101;1;97;0,9409 Intp ;36;1;13;1;59;0,9409 Intp ;35;1;25;1;2;1 Intp ;1;0,9409 Intp ;2;1;4549;1 Intp ;2363;0,9409 Intp ;3033;1;84;1 Intp ;40;0,9409 Intp ;61;1;2701;0,97 Intp ;369;0,9409 Intp ;2701;0,97 Intp ;314467;0,985 Intp ;67127;0,95545 Intp ;309708;0,985 Intp ;4250;0,985 Intp ;529;0,9267865 Intp ;2790;0,985 Intp ;10638960;0,99 Intp ;299580;0,99 Intp ;5377860;0,97 Intp ;9;0,970497 Intp ;5;0,970497 Intp ;14;0,931491 Intp ;4;0,960597 Intp ;1000;0,9803 Intp ;59;0,9409 Intp ;51;0,4915083059 Intp ;3;0,9801 Intp ;1182107;0,96079203 Intp ;59916;0,96079203 Intp ;384133;0,90354627 Intp ;6180734;0,95574203 Intp ;686748;0,9275447729 Intp ;38;0,985 Intp 
600060;0,97 Intp ;27660;1;539520;1;0;1 nErf ;21660;1 nErf ;299820;0,97 Intp nErf ;5340;0,97 Intp ;3540;0,97 Intp ;17700;1;157;0,97 Intp nErf ;125;1 nErf ;31;1 nErf ;-1;0 nErm ;133;1;31;1;113;0,97 Intp ;89;0,97 Intp ;30;1;97;0,9409 Intp ;97;0,97 Intp ;17;1;-3;0 Fehl Impl nErm ;9;1;42;1;1;0,9409 Intp ;13;0,9409 Intp ;3;1;3822;0,9409 Intp ;221;1;17404;1;47;0,9409 Intp ;40;0,9409 Intp ;590;1;97;1;163;1;9672;0,97 Intp ;-1;0 nErm ;27943;0,977725 Intp ;324954;0,985 Intp ;-1;0 nErm ;224;0,977725 Intp ;10482;0,985 Intp ;11806200;0,99 Intp ;326160;0,98 Intp ;5699340;0,99 Intp ;10;0,970497 Intp ;4;0,941388 Intp ;2;0,6501 Intp ;6;0,95128209 Intp ;-3;0 Fehl nErm ;-3;0 Fehl nErm ;37;0,4915083059 Intp ;3;0,9702 Intp ;1180620;0,96079203 Intp ;81540;0,92256024 Intp ;2849670;0,643599 Intp ;6514740;0,88491456 Intp ;651474;0,8588069257 Intp ;57;0,9925 Intp 
600060;0,97 Intp ;256440;1;320940;1;120180;0,97 Intp nErf ;60180;0,97 Intp nErf ;293820;1 nErf ;27120;1 Intp ;3540;0,97 Intp ;27120;1;72;1 nErf ;67;1 nErf ;108;1 nErf ;72;1;70;1;118;1;5;1 Intp ;37;1;5;1;97;0,9409 Intp ;97;0,97 Intp ;62;1;59;0,9409 Intp ;2;1;42;1;5;1 Intp ;1;0,9409 Intp ;8;1;8334;0,97 Intp ;3827;1;2972;1;5424;1 Intp ;96;0,97 Intp ;5424;1;1669;0,97 Intp ;860;0,97 Intp ;2490;1;192590;0,985 Intp ;66220;0,97 Intp ;393079;1;2675;0,985 Intp ;988;0,97 Intp ;3640;1;12983640;0,99 Intp ;383940;0,99 Intp ;6173520;0,98 Intp ;7;0,9801 Intp ;1;0,9801 Intp ;8;0,9604 Intp ;8;0,95128209 Intp ;100;0,9803 Intp ;59;0,9409 Intp ;26;0,4950745012 Intp ;3;0,9801 Intp ;1854806;0,970299 Intp ;383940;0,970299 Intp ;771690;0,941192 Intp ;7187122;0,97027375 Intp ;1026732;0,9509653024 Intp ;19;1
600060;0,97 Intp ;300060;0,97 Intp ;35820;1;120180;0,97 Intp nErf ;60180;0,97 Intp nErf ;31380;1 nErf ;0;1;2460;1;4440;1;71;1 nErf ;101;1 nErf ;29;1 nErf ;71;1;101;1;25;1;-1;0 nErm ;44;1;58;1;97;0,9409 Intp ;21;1;55;1;59;0,9409 Intp ;48;1;16;1;0;1 Intp ;1;1 Intp ;12;1;8452;0,97 Intp ;2971;0,97 Intp ;1235;1;19;1;56;1;77;1;1693;0,97 Intp ;596;0,97 Intp ;1255;1;-1;0 nErm ;64746;0,985 Intp ;37596;1;-1;0 nErm ;641;0,985 Intp ;1296;1;13919580;0,98 Intp ;390840;1;6385260;0,98 Intp ;5;0,9604 Intp ;1;0,6666666667 ;2;0,9604 Intp ;5;0,94167318 Intp ;223;0,9803 Intp ;59;0,9409 Intp ;36;0,49029602 Intp ;3;0,98 Intp ;2783916;0,941192 Intp ;390840;0,6666666667 ;3192630;0,941192 Intp ;7370177;0,8967666667 Intp ;1474035;0,8612547067 Intp ;47;1
325560;1 Intp ;232620;1;325560;1;299820;0,97 Intp nErf ;60180;0,97 Intp nErf ;299820;0,97 Intp nErf ;18660;1 Intp ;3540;0,97 Intp ;18660;1;157;0,97 Intp nErf ;127;0,97 Intp nErf ;21;1 nErf ;16;1 Intp ;163;0,97 Intp ;16;1;113;0,97 Intp ;70;1;96;1;71;1;97;0,9409 Intp ;97;0,97 Intp ;-3;0 Fehl Impl nErm ;5;1;4;1;6;1 Intp ;2;0,9409 Intp ;6;1;2074;0,97 Intp ;1832;0,97 Intp ;15503;1;165;0,97 Intp ;51;0,97 Intp ;194;1;18739;0,97 Intp ;369;0,9409 Intp ;18739;0,97 Intp ;337140;0,9775 Intp ;67548;0,962725 Intp ;325944;0,985 Intp ;2147;0,948175 Intp ;532;0,93384325 Intp ;15521;0,985 Intp ;14803320;1 Intp ;431700;0,99 Intp ;7045080;0,97 Intp ;6;0,98 Intp ;10;0,9702 Intp ;3;0,931491 Intp ;5;0,9703 Intp ;-3;0 Fehl nErm ;-3;0 Fehl nErm ;31;0,49255 Intp ;3;0,99 Intp ;2467220;0,98 Intp ;43170;0,960498 Intp ;2348360;0,90354627 Intp ;8124330;0,9556685225 Intp ;1354055;0,936555152 Intp ;60;0,9775 Intp 
600060;0,97 Intp ;232320;1;217800;1;0;1 nErf ;60180;0,97 Intp nErf ;192840;1 nErf ;5340;0,97 Intp ;120;1;24960;1;3;1 nErf ;127;0,97 Intp nErf ;103;1 nErf ;-1;0 nErm ;163;0,97 Intp ;115;1;3;1;89;0,97 Intp ;13;1;97;0,97 Intp ;97;0,9409 Intp ;58;1;27;1;40;1;42;1;1;0,9409 Intp ;0;1;11;1;200020;0,97 Intp ;1829;0,97 Intp ;2115;1;1780;0,97 Intp ;1;0,97 Intp ;1920;1;97;1;369;0,9409 Intp ;1677;1;-1;0 nErm ;60415;0,97 Intp ;278702;1;-1;0 nErm ;476;0,9409 Intp ;2706;1;15853500;0,99 Intp ;462120;0,99 Intp ;7298100;0,99 Intp ;3;0,9702 Intp ;1;0,9702 Intp ;4;0,640497 Intp ;6;0,950994 Intp ;106;1;42;1;28;0,4913983787 Intp ;3;0,9801 Intp ;5284500;0,960498 Intp ;462120;0,960498 Intp ;1824525;0,63409203 Intp ;8481127;0,8936475075 Intp ;2827042;0,8670168118 Intp ;84;0,985 Intp 
162720;1 Intp ;300060;0,97 Intp ;162720;1;161520;1 Intp nErf ;60180;0,97 Intp nErf ;161520;1 nErf ;1200;1 Intp ;3540;0,97 Intp ;1200;1;157;0,97 Intp nErf ;127;0,97 Intp nErf ;84;1 nErf ;84;1 Intp ;163;0,97 Intp ;84;1;113;0,97 Intp ;89;0,97 Intp ;34;1;32;1;97;0,97 Intp ;97;0,97 Intp ;8;1;45;1;37;1;1;1 Intp ;1;0,9409 Intp ;1;1;1036;0,97 Intp ;2363;0,9409 Intp ;1937;1;11;0,97 Intp ;40;0,9409 Intp ;35;1;1923;1 Intp ;369;0,9409 Intp ;1923;1;163920;0,9925 Intp ;67127;0,95545 Intp ;164400;1;1044;0,962725 Intp ;529;0,9267865 Intp ;1957;1;16479000;0,99 Intp ;468060;0,99 Intp ;7681320;0,99 Intp ;5;0,960597 Intp ;1;0,960597 Intp ;5;0,970497 Intp ;3;0,960597 Intp ;196;1;45;1;34;0,4878559508 Intp ;3;0,9801 Intp ;3295800;0,95099103 Intp ;468060;0,95099103 Intp ;1536264;0,96079203 Intp ;8888915;0,972945765 Intp ;1777783;0,934608783 Intp ;35;0,9775 Intp 
243720;1 Intp ;300060;0,97 Intp ;243720;1;238800;1 Intp nErf ;60180;0,97 Intp nErf ;238800;1 nErf ;4920;1 Intp ;2520;1;4920;1;157;0,97 Intp nErf ;33;1 nErf ;96;1 nErf ;97;1 Intp ;33;1;97;1;113;0,97 Intp ;71;1;30;1;97;0,9409 Intp ;90;1;89;1;-3;0 Fehl Impl nErm ;1;1;21;1;2;1 Intp ;1;1 Intp ;2;1;1552;0,97 Intp ;9093;0,97 Intp ;2539;1;44;0,97 Intp ;35;1;164;1;2462;1 Intp ;1824;0,97 Intp ;2462;1;248640;0,9925 Intp ;63960;0,985 Intp ;252281;1;1584;0,962725 Intp ;1938;0,985 Intp ;2628;1;17266500;0,99 Intp ;480420;1 Intp ;8219100;0,99 Intp ;4;0,9702 Intp ;2;0,99 Intp ;6;0,9801 Intp ;4;0,960597 Intp ;-3;0 Fehl nErm ;-3;0 Fehl nErm ;27;0,4913983787 Intp ;3;0,99 Intp ;4316625;0,960498 Intp ;240210;0,99 Intp ;1369850;0,970299 Intp ;9458584;0,987525 Intp ;2364646;0,958096755 Intp ;100;0,9925 Intp 
10860;1 Intp ;-3;0 Fehl Intp Impl nErm ;10860;1;120180;0,97 Intp nErf ;-3;0 Fehl Intp Impl nErm nErf ;2760;1 nErf ;8100;1 Intp ;-3;0 Fehl Intp Impl nErm ;8100;1;88;1 nErf ;-3;0 Fehl Impl nErm nErf ;92;1 nErf ;45;1 Intp ;-3;0 Fehl Intp Impl nErm ;45;1;113;0,97 Intp ;-3;0 Fehl Impl nErm ;108;1;97;0,9409 Intp ;46;1;67;1;52;1;49;1;39;1;75;1 Intp ;-3;0 Fehl nErm ;75;1;123;1 Intp ;541;1;118;1;72;0,97 Intp ;0;1;75;1;2671;0,97 Intp ;137;1;61;1;136380;0,9775 Intp ;-3;0 Fehl nErm ;14100;1;1550;0,9775 Intp ;307;1 Fehl nErm ;153;1;-3;0 Fehl Intp nErm ;-3;0 Fehl Intp nErm ;-3;0 Fehl Intp nErm ;-1;0 Fehl Intp nErm ;-1;0 Fehl Intp nErm ;-1;0 Fehl Intp nErm ;-1;0 Fehl Intp nErm ;137;1;52;1;0;0 nErm ;-3;0 Fehl nErm ;491;1;89;1;251;1;-3;0 Fehl nErm ;449;1 Fehl nErm ;0;0 Fehl nErm 
600060;0,97 Intp ;183600;1;508140;1;120180;0,97 Intp nErf ;60180;0,97 Intp nErf ;299820;0,97 Intp nErf ;5340;0,97 Intp ;3540;0,97 Intp ;26520;1;89;1 nErf ;13;1 nErf ;114;1 nErf ;229;1;8;1;116;1;62;1;41;1;85;1;13;1;57;1;97;0,97 Intp ;59;0,9409 Intp ;40;1;5;1;1;0,9409 Intp ;2;0,9409 Intp ;5;1;6742;0,97 Intp ;14123;1;4457;1;86;0,97 Intp ;86;0,97 Intp ;312;1;525;0,97 Intp ;7522;0,97 Intp ;2585;0,97 Intp ;139778;0,97 Intp ;65490;0,97 Intp ;353390;0,985 Intp ;1571;0,97 Intp ;5038;0,97 Intp ;3100;0,985 Intp ;1291797;0,99 Intp ;35397;0,98 Intp ;480177;0,97 Intp ;88;0,9801 Intp ;77;0,9604 Intp ;131;0,9409 Intp ;52;0,9702 Intp ;241;0,9803 Intp ;59;0,9409 Intp ;172;0,4950745012 Intp ;3;0,9702 Intp ;14680;0,970299 Intp ;460;0,941192 Intp ;3665;0,912673 Intp ;606898;0,9508185 Intp ;6897;0,9318972118 Intp ;86;1
434220;1 Intp ;598080;1;434220;1;415140;1 Intp nErf ;585480;1 nErf ;415140;1 nErf ;19080;1 Intp ;12600;1;19080;1;61;0,97 Intp nErf ;55;1 nErf ;140;1 nErf ;145;1 Intp ;55;1;145;1;17;0,97 Intp ;34;1;61;0,97 Intp ;53;1;80;1;54;1;76;1;7;1;52;1;4;1 Intp ;2;1;4;1;7118;0,97 Intp ;10874;1;3102;1;1122;0,97 Intp ;371;1;313;0,97 Intp ;2863;1 Intp ;10645;1;2863;1;477722;0,9925 Intp ;606034;1;473906;0,9925 Intp ;7832;0,962725 Intp ;11019;1;3385;0,9925 Intp ;2758317;1 Intp ;86157;1 Intp ;1895937;1 Intp ;44;0,99 Intp ;22;0,98 Intp ;80;1 Intp ;34;1 Intp ;376;1;76;1;47;0,4962625 Intp ;3;1 Intp ;62689;0,99 Intp ;3916;0,98 Intp ;23699;1 Intp ;2211272;0,995 Intp ;50256;0,98505 Intp ;38;0,9925 Intp 
3181500;1;555660;1;259560;1;2916540;1 nErf ;529080;1 nErf ;232200;1 nErf ;264960;1;26580;1;27360;1;65;1 nErf ;175;1 nErf ;31;0,97 Intp nErf ;62;1;184;1;47;0,97 Intp ;95;1;11;0,97 Intp ;61;0,97 Intp ;119;1;66;1;74;1;19;1;3;1;15;1;8;1;5;1;11;1;48946;1;3175;1;8373;0,97 Intp ;2789;1;2416;0,97 Intp ;449;0,97 Intp ;47041;1;2875;1;4940;0,97 Intp ;3446460;1;597690;0,9925 Intp ;270504;0,985 Intp ;53022;1;3415;0,9925 Intp ;8726;0,95545 Intp ;6755037;1;405057;1;5573757;1;46;0,99 Intp ;67;0,98 Intp ;52;0,99 Intp ;64;1;413;1;19;1;162;0,4962625 Intp ;6;1;146849;0,99 Intp ;6046;0,98 Intp ;107188;0,99 Intp ;6586400;0,9925 Intp ;143183;0,982575 Intp ;124;0,9925 Intp 
300360;1 Intp ;174420;1;300360;1;299280;1 Intp nErf ;168900;1 nErf ;299280;1 nErf ;1080;1 Intp ;5520;1;1080;1;61;0,97 Intp nErf ;170;1 nErf ;192;1 nErf ;192;1 Intp ;172;1;192;1;17;0,97 Intp ;99;1;61;1;89;1;170;1;7;1;24;1;48;1;17;1;0;1 Intp ;3;1;0;1;4924;0,97 Intp ;1026;1;1564;1;64;0,97 Intp ;56;1;18;1;1559;1 Intp ;982;1;1559;1;303330;0,9925 Intp ;179698;1;303622;1;4973;0,962725 Intp ;1057;1;1581;1;7530177;1 Intp ;412737;1 Intp ;6341217;1 Intp ;14;0,99 Intp ;2;0,99 Intp ;23;1 Intp ;8;1 Intp ;502;1;48;1;51;0,4962625 Intp ;5;1 Intp ;537870;0,99 Intp ;206368;0,99 Intp ;275705;1 Intp ;7546409;0,9975 Intp ;539029;0,987525 Intp ;74;0,9925 Intp 
345300;1 Intp ;459600;1;345300;1;325140;1 Intp nErf ;448440;1 nErf ;325140;1 nErf ;20160;1 Intp ;11160;1;20160;1;238;1 nErf ;237;1 nErf ;79;1 nErf ;79;1 Intp ;243;1;79;1;101;1;11;0,97 Intp ;83;1;173;1;81;1;128;1;-3;0 Fehl Impl nErm ;4;1;4;1;6;1 Intp ;2;1;6;1;1451;1 Intp ;1939;1;4371;1;200;1 Intp ;1015;0,97 Intp ;243;1;4116;1 Intp ;1845;1;4116;1;365460;1 Intp ;481362;0,9925 Intp ;353364;1;1536;1 Intp ;2031;0,9925 Intp ;4473;1;8680377;1 Intp ;464217;1 Intp ;7439937;1 Intp ;25;1 Intp ;8;0,99 Intp ;22;1 Intp ;16;1 Intp ;-3;0 Fehl nErm ;-3;0 Fehl nErm ;71;0,5 Intp ;5;1 Intp ;347215;1 Intp ;58027;0,99 Intp ;338179;1 Intp ;8730460;0,9975 Intp ;349218;0,9975 Intp ;64;1
255240;1 Intp ;31620;1;255240;1;235620;1 Intp nErf ;14580;1 nErf ;235620;1 nErf ;19620;1 Intp ;17040;1;19620;1;1136;1 nErf ;69;1 nErf ;194;1 nErf ;205;1 Intp ;143;1;205;1;200;1;11;0,97 Intp ;61;0,97 Intp ;108;1;139;1;82;1;7;0,97 Intp ;54;1;22;1;8;1 Intp ;54;1;8;1;225;1 Intp ;458;1;1316;1;98;1 Intp ;1549;0,97 Intp ;322;0,97 Intp ;1149;1 Intp ;102;1;1149;1;275841;1 Intp ;54198;0,9925 Intp ;319594;0,9925 Intp ;243;1 Intp ;785;0,9925 Intp ;1647;0,9925 Intp ;9222477;1 Intp ;520497;1 Intp ;7925757;1 Intp ;37;1 Intp ;10;0,98 Intp ;12;1 Intp ;6;1 Intp ;80;0,99 Intp ;54;1 Intp ;189;0,5 Intp ;6;1 Intp ;249256;1 Intp ;52050;0,98 Intp ;660480;1 Intp ;9247819;0,995 Intp ;249941;0,995 Intp ;690;1
250020;1 Intp ;177540;1;250020;1;226320;1 Intp nErf ;171660;1 nErf ;226320;1 nErf ;23700;1 Intp ;5880;1;23700;1;1455;1 nErf ;91;1 nErf ;58;1 nErf ;57;1 Intp ;91;1;57;1;117;1;93;1;64;1;13;0,97 Intp ;117;1;73;1;19;1;25;1;2;1;9;1 Intp ;3;1;9;1;172;1 Intp ;1951;1;4311;1;203;1 Intp ;63;1;370;1;3971;1 Intp ;1886;1;3971;1;273720;1 Intp ;180480;1;259500;1;188;1 Intp ;1983;1;4474;1;9900057;1 Intp ;573777;1 Intp ;8550057;1 Intp ;40;1 Intp ;8;1 Intp ;5;1 Intp ;4;0,99 Intp ;126;1;25;1;227;0,5 Intp ;6;1 Intp ;247501;1 Intp ;71722;1 Intp ;1710011;1 Intp ;9984500;1 Intp ;249612;1 Intp ;832;1
2973300;1;2973300;1 Intp ;30180;0,97 Intp ;1962660;1 nErf ;1962660;1 Intp nErf ;5820;0,97 Intp nErf ;1010640;1;1010640;1 Intp ;11700;1;172;1 nErf ;84;1 nErf ;41;1 nErf ;163;1;163;1 Intp ;157;1;190;1;81;1;61;0,97 Intp ;43;1;62;1;142;1;19;1;31;1;5;1;34;1;34;1 Intp ;39;1 Intp ;17287;1;35396;1 Intp ;736;0,97 Intp ;5319;1;12477;1 Intp ;192;0,97 Intp ;12041;1;12041;1 Intp ;37;0,97 Intp ;3983940;1;3996573;1 Intp ;44664;0,9775 Intp ;23162;1;47578;1 Intp ;1089;0,9775 Intp ;15876837;0,99 Intp ;2606757;1 Intp ;12481197;0,99 Intp ;48;0,9801 Intp ;105;0,99 Intp ;51;0,9801 Intp ;20;0,9801 Intp ;181;1;31;1;93;0,4950745012 Intp ;16;0,99 Intp ;330767;0,970299 Intp ;24826;0,99 Intp ;244729;0,970299 Intp ;18998090;0,987525 Intp ;395794;0,9678732525 Intp ;70;1
206100;1 Intp ;364680;1;206100;1;197460;1 Intp nErf ;338100;1 nErf ;197460;1 nErf ;8640;1 Intp ;26580;1;8640;1;-1;0 nErm nErf ;213;1 nErf ;233;1 nErf ;139;1;221;1;239;1;150;1;116;1;92;1;105;1;86;1;130;1;7;0,97 Intp ;-3;0 Fehl Impl nErm ;16;1;4;1 Intp ;7;1;4;1;307;1;1712;1;885;1;58;1 Intp ;229;1;94;1;1421;1 Intp ;1530;1;826;1;214740;1 Intp ;395413;1;234958;1;79;1 Intp ;1856;1;1008;1;16653717;1 Intp ;2650617;1 Intp ;13214217;1 Intp ;8;0,6666666667 Intp ;2;1 Intp ;11;1 Intp ;5;1 Intp ;-3;0 Fehl Intp nErm ;-3;0 Fehl Intp nErm ;41;0,3888888889 Intp ;16;1 Intp ;2081715;0,6666666667 Intp ;1325308;1 Intp ;1201292;1 Intp ;20317871;1 Intp ;2539734;0,6666666667 Intp ;136;0,75 
481080;1 Intp ;303240;1;481080;1;456720;1 Intp nErf ;297000;1 nErf ;456720;1 nErf ;24360;1 Intp ;6240;1;24360;1;-1;0 nErm nErf ;122;1 nErf ;157;1 nErf ;43;0,97 Intp ;122;1;160;1;162;1;115;1;97;1;105;1;43;1;132;1;-3;0 Fehl Impl nErm ;12;1;-3;0 Fehl Impl nErm ;5;1 Intp ;2;1;5;1;307;1;2486;1;3064;1;150;1 Intp ;54;1;251;1;10621;0,97 Intp ;2434;1;2854;1;505440;0,9925 Intp ;306633;1;521518;1;0;1 Intp ;2513;1;3322;1;17919117;1 Intp ;2705577;1 Intp ;14424657;1 Intp ;6;0,6666666667 Intp ;3;1 Intp ;9;0,99 Intp ;7;1 Intp ;-3;0 Fehl nErm ;-3;0 Fehl nErm ;44;0,3888888889 Intp ;15;1 Intp ;2986520;0,6666666667 Intp ;901859;1 Intp ;1602740;0,99 Intp ;21513268;0,9975 Intp ;3585545;0,665 Intp ;88;0,75 
6000;1;303360;1;93180;1;6000;1 nErf ;298200;1 nErf ;88920;1 nErf ;0;1;5160;1;4260;1;120;1 nErf ;200;1 nErf ;138;1 nErf ;120;1;203;1;141;1;-1;0 nErm ;43;1;82;1;183;1;179;1;86;1;50;1;51;1;29;1;0;1;2;1;5;1;50;1;1517;1;675;1;19;1;120;1;52;1;50;1;1469;1;631;1;-1;0 nErm ;311100;1;99911;1;-1;0 nErm ;1556;1;724;1;18321657;1;2714997;1;14817777;1;4;1;0;0,6666666667 ;5;1;3;1;127;1;51;1;27;0,5 ;15;1;4580414;1;89;1;2963555;1;21876769;0,9166666667 ;5469192;0,9166666667 ;73;1
6000;1;115920;1;288480;1;6000;1 nErf ;94380;1 nErf ;279780;1 nErf ;0;1;21540;1;8700;1;120;1 nErf ;93;1 nErf ;102;1 nErf ;120;1;97;1;105;1;-1;0 nErm ;76;1;61;0,97 Intp ;121;1;164;1;48;1;49;1;54;1;1;1;0;1;19;1;3;1;50;1;1246;1;2828;1;19;1;283;1;143;0,97 Intp ;50;1;973;1;2665;1;-1;0 nErm ;129517;1;299616;0,9925 Intp ;-1;0 nErm ;1393;1;2937;0,9925 Intp ;18732057;1;2745237;1;15197937;1;2;1;1;0,6566666667 Intp ;3;1;2;1;231;1;54;1;15;0,5 ;15;1;9366028;1;2745237;0,6566666667 Intp ;5065979;1;22170839;0,9141666667 Intp ;11085420;0,9141666667 Intp ;20;1
32040;1;158640;1;78240;1;27960;1 nErf ;140580;1 nErf ;66180;1 nErf ;4080;1;18060;1;12060;1;218;1 nErf ;112;1 nErf ;152;1 nErf ;244;1;126;1;165;1;39;1;11;0,97 Intp ;81;1;64;1;91;1;57;1;21;1;24;1;7;1;13;1;11;1;15;1;147;1;1416;1;515;1;105;1;1642;0,97 Intp ;149;1;115;1;1116;1;401;1;44484;1;180651;0,9925 Intp ;103325;1;204;1;1613;0,9925 Intp ;680;1;19000977;1;2779437;1;15432657;1;2;1;0;0,99 Intp ;2;1;1;1;283;1;24;1;17;0,5 ;15;1;9500488;1;89;1;7716328;1;22492427;0,9975 Intp ;11246214;0,9975 Intp ;80;1
423000;1;331440;1;269520;1;405600;1 nErf ;320880;1 nErf ;239760;1 nErf ;17400;1;10560;1;29760;1;105;1 nErf ;161;1 nErf ;209;1 nErf ;107;1;163;1;222;1;58;1;91;1;104;1;10;1;180;1;69;1;24;1;37;1;-3;0 Fehl Impl nErm ;4;1;3;1;11;1;4029;1;2059;1;1290;1;300;1;116;1;286;1;3791;1;1969;1;1080;1;448926;1;341472;1;351658;1;4275;1;2121;1;1683;1;20024937;1;2837157;1;16398897;1;8;1;2;1;9;1;4;1;-3;0 Fehl nErm ;-3;0 Fehl nErm ;34;0,5 ;14;1;2503117;1;1418578;1;1822100;1;23888992;1;2986124;1;53;1
489900;1;583320;1;451260;1;484980;1 nErf ;569820;1 nErf ;445740;1 nErf ;4920;1;13500;1;5520;1;115;1 nErf ;244;1 nErf ;206;1 nErf ;116;1;247;1;207;1;17;0,97 Intp ;120;1;95;1;123;1;48;1;16;1;34;1;12;1;10;1;1;1;2;1;1;1;4260;1;2391;1;2191;1;289;0,97 Intp ;112;1;58;1;4181;1;2307;1;2153;1;499691;0,9925 Intp ;600786;1;465833;1;4345;0,9925 Intp ;2462;1;2261;1;21549417;1;2861097;1;17899437;1;14;1;1;0,99 Intp ;16;1;4;1;53;1;34;1;50;0,5 ;13;1;1539244;1;2861097;0,99 Intp ;1118715;1;25910508;0,9975 Intp ;1850751;0,9975 Intp ;93;1
583500;1;597480;1;227940;1;554280;1 nErf ;568800;1 nErf ;227400;1 nErf ;29220;1;28680;1;540;1;123;1 nErf ;108;1 nErf ;86;1 nErf ;129;1;108;1;86;1;17;0,97 Intp ;118;1;120;1;49;1;109;1;19;1;6;1;17;1;36;1;5;1;5;1;0;1;4744;1;5532;1;2650;1;1719;0,97 Intp ;243;1;4;1;4297;1;5267;1;2644;1;645446;0,9925 Intp ;611820;1;228156;1;5248;0,9925 Intp ;5665;1;2653;1;22958337;1;2919537;1;19249917;1;7;1;1;0,99 Intp ;8;1;4;1;112;1;36;1;27;0,5 ;13;1;3279762;1;2919537;0,99 Intp ;2406240;1;26957495;0,9975 Intp ;3851071;0,9975 Intp ;18;1
279780;1;103920;1;267180;1;266280;1 nErf ;102960;1 nErf ;241200;1 nErf ;13500;1;960;1;25980;1;61;0,97 Intp nErf ;248;1 nErf ;143;1 nErf ;43;0,97 Intp ;249;1;152;1;118;1;116;1;61;0,97 Intp ;32;1;21;1;78;1;55;1;25;1;-3;0 Fehl Impl nErm ;5;1;1;1;10;1;4587;0,97 Intp ;419;1;1868;1;114;1;8;1;426;0,97 Intp ;6193;0,97 Intp ;413;1;1587;1;293280;0,9925 Intp ;105198;1;324856;0,9925 Intp ;4808;0,962725 Intp ;424;1;2272;0,9925 Intp ;23609217;1;2959977;1;19860357;1;3;0,99 Intp ;1;0,99 Intp ;4;0,99 Intp ;1;1;-3;0 Fehl nErm ;-3;0 Fehl nErm ;23;0,4962625 Intp ;13;1;7869739;0,99 Intp ;2959977;0,99 Intp ;4965089;0,99 Intp ;27437898;0,995 Intp ;9145966;0,98505 Intp ;154;0,9925 Intp 
180120;1;62760;1;137160;1;178440;1 nErf ;46140;1 nErf ;136740;1 nErf ;1680;1;16620;1;420;1;176;1 nErf ;83;1 nErf ;63;1 nErf ;177;1;85;1;63;1;25;1;78;1;61;0,97 Intp ;31;1;13;1;16;1;24;1;42;1;56;1;1;1;26;1;0;1;1023;1;756;1;2177;1;67;1;213;1;7;0,97 Intp ;1008;1;543;1;2170;1;184354;1;71797;1;137345;0,9925 Intp ;1047;1;865;1;2180;0,9925 Intp ;23989257;1;2978697;1;20221677;1;2;1;0;0,99 Intp ;2;1;0;1;119;1;56;1;16;0,5 ;12;1;11994628;1;89;1;10110838;1;27787567;0,9975 Intp ;13893784;0,9975 Intp ;64;1
450120;1;476280;1;577620;1;439080;1 nErf ;457260;1 nErf ;554160;1 nErf ;11040;1;19020;1;23460;1;246;1 nErf ;108;1 nErf ;191;1 nErf ;252;1;109;1;197;1;26;1;93;1;61;0,97 Intp ;183;1;122;1;94;1;1;1;48;1;27;1;2;1;4;1;4;1;1830;1;4410;1;3024;1;425;1;205;1;385;0,97 Intp ;1742;1;4195;1;2813;1;486110;1;487692;1;650815;0,9925 Intp ;1976;1;4516;1;3407;0,9925 Intp ;25493277;1;3032217;1;21672177;1;11;1;1;0,99 Intp ;12;1;8;1;195;1;48;1;44;0,5 ;12;1;2317571;1;3032217;0,99 Intp ;1806015;1;29919807;0,9975 Intp ;2719982;0,9975 Intp ;116;1
210900;1;91680;1;563640;1;186000;1 nErf ;82920;1 nErf ;549180;1 nErf ;24900;1;8760;1;14460;1;168;1 nErf ;136;1 nErf ;239;1 nErf ;190;1;138;1;244;1;17;0,97 Intp ;119;1;61;0,97 Intp ;4;1;38;1;38;1;50;1;-3;0 Fehl Impl nErm ;24;1;12;1;10;1;3;1;1255;1;674;1;2358;1;1465;0,97 Intp ;74;1;237;0,97 Intp ;979;1;601;1;2251;1;278877;0,9925 Intp ;97100;1;622348;0,9925 Intp ;1660;0,9925 Intp ;714;1;2604;0,9925 Intp ;26359497;1;3080337;1;22490277;1;7;1;1;0,98 Intp ;8;1;1;1;-3;0 Fehl nErm ;-3;0 Fehl nErm ;38;0,5 ;12;1;3765642;1;3080337;0,98 Intp ;2811285;1;30622367;0,995 Intp ;4374624;0,995 Intp ;60;1
465420;1;400200;1;407640;1;454920;1 nErf ;381120;1 nErf ;379080;1 nErf ;10500;1;19080;1;28560;1;61;0,97 Intp nErf ;229;1 nErf ;242;1 nErf ;43;0,97 Intp ;236;1;253;1;81;1;98;1;97;1;37;1;170;1;39;1;16;1;34;1;39;1;2;1;5;1;7;1;7630;0,97 Intp ;1748;1;1684;1;130;1;195;1;294;1;10580;0,97 Intp ;1615;1;1498;1;475920;0,9925 Intp ;426196;1;508171;1;7802;0,962725 Intp ;1861;1;2100;1;27632757;1;3138477;1;23705397;1;8;0,99 Intp ;2;1;9;0,99 Intp ;4;1;86;1;39;1;40;0,4962625 Intp ;11;1;3454095;0,99 Intp ;1569238;1;2633933;0,99 Intp ;31990977;0,9975 Intp ;3998872;0,987525 Intp ;106;0,9925 Intp 
44580;1;143280;1;197760;1;36900;1 nErf ;60180;0,97 Intp nErf ;179880;1 nErf ;5340;0,97 Intp ;3300;1;17880;1;61;0,97 Intp nErf ;105;1 nErf ;199;0,97 Intp nErf ;43;0,97 Intp ;105;1;197;0,97 Intp ;91;1;89;0,97 Intp ;93;1;97;0,9409 Intp ;10;1;97;0,97 Intp ;4;1;14;1;18;1;12;0,9409 Intp ;2;1;9;1;731;0,97 Intp ;1365;1;994;0,97 Intp ;59;0,97 Intp ;37;0,97 Intp ;192;1;858;0,97 Intp ;573;0,97 Intp ;913;0,97 Intp ;47580;0,977725 Intp ;65460;0,9775 Intp ;242102;0,9925 Intp ;780;0,94839325 Intp ;623;0,9775 Intp ;1217;0,962725 Intp ;28018377;1;3164997;0,99 Intp ;23982357;0,99 Intp ;2;0,98 Intp ;1;0,9702 Intp ;2;0,9603 Intp ;1;0,9703 Intp ;122;1;18;1;18;0,49255 Intp ;11;0,99 Intp ;14009188;0,98 Intp ;3164997;0,960498 Intp ;11991178;0,950697 Intp ;31958149;0,97279875 Intp ;15979074;0,953342775 Intp ;64;0,985 Intp 
119040;1;9660;1;376380;1;116460;1 nErf ;1560;1 nErf ;299820;0,97 Intp nErf ;2580;1;3540;0,97 Intp ;21720;1;157;0,97 Intp nErf ;74;1 nErf ;199;0,97 Intp nErf ;164;1;41;0,97 Intp ;197;0,97 Intp ;24;1;84;1;61;0,97 Intp ;83;1;50;1;76;1;39;1;4;1;47;1;2;1;37;0,9409 Intp ;6;1;758;0,97 Intp ;131;1;1891;0,97 Intp ;108;1;42;0,97 Intp ;356;0,97 Intp ;710;1;38;0,97 Intp ;1522;0,9409 Intp ;125232;1;6870;0,977725 Intp ;389306;0,97 Intp ;798;0,97 Intp ;93;0,977725 Intp ;1956;0,9409 Intp ;28523457;1;3192837;0,99 Intp ;24400197;0,99 Intp ;3;0,98 Intp ;1;0,9702 Intp ;3;0,960597 Intp ;1;1;212;1;47;1;25;0,49255 Intp ;11;0,99 Intp ;9507819;0,98 Intp ;3192837;0,960498 Intp ;8133399;0,95099103 Intp ;32510003;0,9728722575 Intp ;10836668;0,9534148123 Intp ;100;0,985 Intp 
38460;1;119460;1;547500;1;19740;1 nErf ;60180;0,97 Intp nErf ;299820;0,97 Intp nErf ;5340;0,97 Intp ;3540;0,97 Intp ;240;1;129;1 nErf ;25;1 nErf ;31;0,97 Intp nErf ;170;1;41;0,97 Intp ;47;0,97 Intp ;86;1;89;0,97 Intp ;61;1;97;0,9409 Intp ;97;0,97 Intp ;56;1;29;1;2;1;49;1;14;0,9409 Intp ;3;0,9409 Intp ;0;1;298;1;4778;1;17661;0,97 Intp ;62;0,97 Intp ;40;0,9409 Intp ;4;1;116;1;1468;0,9409 Intp ;6379;0,9409 Intp ;34906;0,985 Intp ;65490;0,95545 Intp ;300156;0,9775 Intp ;271;0,985 Intp ;2620;0,95545 Intp ;9682;0,948175 Intp ;29228877;1;3201957;0,98 Intp ;24779937;0,98 Intp ;1;0,99 Intp ;0;0,950894 Intp ;1;0,941388 Intp ;2;0,9703 Intp ;292;1;49;1;8;0,4962625 Intp ;11;0,98 Intp ;29228877;0,99 Intp ;89;1;24779937;0,92256024 Intp ;32848869;0,95360909 Intp ;32848869;0,9440729991 Intp ;65;0,9925 Intp 
214980;1;300060;0,97 Intp ;150900;1;120180;0,97 Intp nErf ;60180;0,97 Intp nErf ;148380;1 nErf ;5340;0,97 Intp ;3540;0,97 Intp ;2520;1;71;1 nErf ;123;1 nErf ;54;1 nErf ;73;1;129;1;53;1;38;1;47;1;118;1;77;1;97;0,97 Intp ;97;0,97 Intp ;59;0,97 Intp ;20;1;21;1;2;0,9409 Intp ;1;0,9409 Intp ;2;1;3028;1;2440;0,97 Intp ;2794;1;141;0,97 Intp ;75;0,97 Intp ;21;1;1646;0,97 Intp ;467;0,97 Intp ;2800;1;132729;0,97 Intp ;67304;0,97 Intp ;151908;1;1869;0,97 Intp ;547;0,97 Intp ;2813;1;29894817;0,99 Intp ;3213357;0,98 Intp ;25108677;0,98 Intp ;2;0,9801 Intp ;0;0,9604 Intp ;1;0,9604 Intp ;2;0,960597 Intp ;392;0,99 Intp ;59;0,97 Intp ;14;0,4950745012 Intp ;11;0,9702 Intp ;14947408;0,970299 Intp ;89;1;25108677;0,941192 Intp ;33206337;0,960596 Intp ;16603168;0,9414801396 Intp ;59;1
292200;1;222480;1;576660;1;120180;0,97 Intp nErf ;60180;0,97 Intp nErf ;299820;0,97 Intp nErf ;5340;0,97 Intp ;3540;0,97 Intp ;22140;1;157;0,97 Intp nErf ;30;1 nErf ;100;1 nErf ;207;1;41;0,97 Intp ;102;1;76;1;14;1;61;0,97 Intp ;97;0,9409 Intp ;57;1;2;1;33;1;26;1;5;1;2;0,9409 Intp ;2;0,9409 Intp ;4;1;1861;0,97 Intp ;7416;1;5767;1;70;0,97 Intp ;253;0,97 Intp ;363;0,97 Intp ;581;0,97 Intp ;1468;0,9409 Intp ;2939;0,97 Intp ;137855;0,97 Intp ;66087;0,962725 Intp ;348971;0,9775 Intp ;878;0,9409 Intp ;2203;0,962725 Intp ;3490;0,9775 Intp ;30986157;1;3244377;0,98 Intp ;25588857;0,97 Intp ;4;0,99 Intp ;1;0,9506 Intp ;2;0,931491 Intp ;1;0,9803 Intp ;456;1;33;1;20;0,4962625 Intp ;10;0,98 Intp ;7746539;0,99 Intp ;3244377;0,931588 Intp ;12794428;0,90354627 Intp ;33764687;0,946112295 Intp ;8441172;0,936651172 Intp ;104;0,9925 Intp 
306720;1;300060;0,97 Intp ;133680;1;120180;0,97 Intp nErf ;60180;0,97 Intp nErf ;113760;1 nErf ;5340;0,97 Intp ;3540;0,97 Intp ;19920;1;61;0,97 Intp nErf ;80;1 nErf ;191;1 nErf ;45;1;81;1;197;0,97 Intp ;25;1;57;1;69;1;97;0,9409 Intp ;97;0,97 Intp ;74;1;47;1;54;1;49;1;2;0,9409 Intp ;1;0,9409 Intp ;15;1;5028;0,97 Intp ;3751;0,97 Intp ;700;1;214;0,97 Intp ;62;0,97 Intp ;289;1;2671;0,97 Intp ;743;0,97 Intp ;577;0,97 Intp ;131928;0,97 Intp ;66021;0,97 Intp ;192643;0,9925 Intp ;2163;0,9409 Intp ;825;0,97 Intp ;1009;0,9925 Intp ;31726617;0,99 Intp ;3273177;0,98 Intp ;25882977;0,98 Intp ;2;0,9702 Intp ;1;0,9604 Intp ;1;0,9506 Intp ;2;0,950994 Intp ;606;1;54;1;16;0,4913983787 Intp ;10;0,9702 Intp ;15863308;0,960498 Intp ;3273177;0,941192 Intp ;25882977;0,931588 Intp ;34065920;0,958195 Intp ;17032960;0,929640789 Intp ;56;0,9925 Intp 
224100;1;180840;1;34140;1;120180;0,97 Intp nErf ;60180;0,97 Intp nErf ;29220;1 nErf ;5340;0,97 Intp ;3540;0,97 Intp ;4920;1;138;1 nErf ;127;0,97 Intp nErf ;186;1 nErf ;140;1;163;0,97 Intp ;197;0,97 Intp ;90;1;89;0,97 Intp ;61;0,97 Intp ;40;1;97;0,97 Intp ;6;1;32;1;41;1;17;1;2;0,9409 Intp ;2;0,9409 Intp ;14;1;1624;1;1424;0,97 Intp ;184;1;59;0,97 Intp ;40;0,9409 Intp ;81;0,97 Intp ;858;0,97 Intp ;369;0,9409 Intp ;148;0,97 Intp ;133530;0,97 Intp ;67127;0,95545 Intp ;49490;0,985 Intp ;968;0,97 Intp ;529;0,9267865 Intp ;266;0,985 Intp ;32165697;1;3286977;0,98 Intp ;26092557;0,98 Intp ;2;0,99 Intp ;0;0,941094 Intp ;1;0,941094 Intp ;1;0,99 Intp ;696;1;41;1;16;0,4962625 Intp ;10;0,98 Intp ;16082848;0,99 Intp ;89;1;26092557;0,92227212 Intp ;34375739;0,95113606 Intp ;17187870;0,9416246994 Intp ;30;0,985 Intp 
591540;1;300060;0,97 Intp ;494760;1;120180;0,97 Intp nErf ;60180;0,97 Intp nErf ;299820;0,97 Intp nErf ;5340;0,97 Intp ;3540;0,97 Intp ;-1;0 nErm ;157;0,97 Intp nErf ;127;0,97 Intp nErf ;148;1 nErf ;185;1;163;0,97 Intp ;150;1;36;1;85;1;79;1;97;0,9409 Intp ;97;0,97 Intp ;93;1;-3;0 Fehl Impl nErm ;50;1;-3;0 Fehl Impl nErm ;1;0,9409 Intp ;1;0,9409 Intp ;-1;0 nErm ;3768;0,97 Intp ;2363;0,9409 Intp ;3343;1;148;0,97 Intp ;42;0,97 Intp ;3343;1 nErm ;650;0,97 Intp ;369;0,9409 Intp ;1999;0,97 Intp ;138817;0,97 Intp ;67216;0,962725 Intp ;-1;0 nErm ;884;0,9409 Intp ;529;0,93384325 Intp ;-1;0 nErm ;33552057;0,99 Intp ;3295856;0,6466666667 Intp ;26572737;0,97 Intp ;6;0,960597 Intp ;0;0,4181777778 Intp ;3;0,931491 Intp ;4;0,950994 Intp ;-3;0 Fehl nErm ;-3;0 Fehl nErm ;30;0,4878559508 Intp ;10;0,6402 Intp ;5592010;0,95099103 Intp ;89;1;8857579;0,90354627 Intp ;35010128;0,7031964524 Intp ;5835021;0,6754884026 Intp ;26;0,9775 Intp 
24420;1;300060;0,97 Intp ;495600;1;13320;1 nErf ;60180;0,97 Intp nErf ;299820;0,97 Intp nErf ;5340;0,97 Intp ;3540;0,97 Intp ;10740;1;142;1 nErf ;127;0,97 Intp nErf ;199;0,97 Intp nErf ;185;1;163;0,97 Intp ;197;0,97 Intp ;90;1;89;0,97 Intp ;84;1;16;1;92;1;86;1;4;1;17;1;23;1;22;0,9409 Intp ;1;0,9409 Intp ;2;1;172;1;2363;0,9409 Intp ;2490;0,97 Intp ;59;0,97 Intp ;40;0,9409 Intp ;128;1;72;1;369;0,9409 Intp ;1522;0,9409 Intp ;29073;0,985 Intp ;67127;0,95545 Intp ;339128;0,9775 Intp ;205;0,985 Intp ;529;0,9267865 Intp ;1704;0,948175 Intp ;34372137;0,99 Intp ;3315476;0,98 Intp ;26946057;0,98 Intp ;4;0,960597 Intp ;1;0,950894 Intp ;3;0,941388 Intp ;2;0,9801 Intp ;41;1;23;1;27;0,4878559508 Intp ;10;0,9702 Intp ;8593034;0,95099103 Intp ;3315476;0,93187612 Intp ;8982019;0,92256024 Intp ;35367366;0,95360909 Intp ;8841842;0,916034031 Intp ;38;0,9775 Intp 
138420;1;49500;1;38760;1;120180;0,97 Intp nErf ;21600;1 nErf ;27960;1 nErf ;5340;0,97 Intp ;3540;0,97 Intp ;10800;1;106;1 nErf ;30;1 nErf ;178;1 nErf ;109;1;41;0,97 Intp ;197;0,97 Intp ;88;1;35;1;65;1;97;0,9409 Intp ;97;0,97 Intp ;36;1;46;1;45;1;35;1;4;0,9409 Intp ;7;0,9409 Intp ;28;1;1306;1;1650;1;218;1;61;0,97 Intp ;101;0,97 Intp ;166;1;1103;0,97 Intp ;527;0,97 Intp ;142;0,97 Intp ;131981;0,97 Intp ;27043;0,977725 Intp ;71592;0,9925 Intp ;1245;0,97 Intp ;901;0,977725 Intp ;402;0,9925 Intp ;34598817;1;3335156;0,98 Intp ;27115797;0,99 Intp ;1;1;0;0,9604 Intp ;1;0,9603 Intp ;1;0,9703 Intp ;167;1;46;1;9;0,5 ;10;0,98 Intp ;34598817;1;89;1;27115797;0,950697 Intp ;35520390;0,9655715 Intp ;35520390;0,9655715 Intp ;105;1
3000;1;277080;1;391860;1;2820;1 nErf ;60180;0,97 Intp nErf ;299820;0,97 Intp nErf ;180;1;3540;0,97 Intp ;18840;1;157;0,97 Intp nErf ;23;0,97 Intp nErf ;134;1 nErf ;216;1;41;0,97 Intp ;140;1;47;1;29;1;61;0,97 Intp ;97;0,9409 Intp ;97;0,97 Intp ;2;1;18;1;46;1;24;1;6;1;1;0,9409 Intp ;5;1;19;0,97 Intp ;12047;0,97 Intp ;2924;1;4;1;122;0,97 Intp ;309;0,97 Intp ;13;1;1468;0,9409 Intp ;2142;0,97 Intp ;3484;1;65756;0,962725 Intp ;355963;0,9775 Intp ;22;0,97 Intp ;2859;0,93384325 Intp ;2656;0,9775 Intp ;35270757;1;3357716;0,99 Intp ;27478617;0,98 Intp ;2;0,98 Intp ;0;0,9702 Intp ;2;0,950894 Intp ;1;0,9703 Intp ;255;1;46;1;15;0,49255 Intp ;10;0,99 Intp ;17635378;0,98 Intp ;89;1;13739308;0,93187612 Intp ;36007216;0,965470765 Intp ;18003608;0,9461613497 Intp ;125;0,9775 Intp 
555660;1;85200;1;225840;1;120180;0,97 Intp nErf ;60180;0,97 Intp nErf ;201840;1 nErf ;5340;0,97 Intp ;420;1;24000;1;153;1 nErf ;127;0,97 Intp nErf ;91;1 nErf ;156;1;163;0,97 Intp ;89;1;28;1;37;1;108;1;55;1;27;1;7;1;32;1;20;1;55;1;1;0,9409 Intp ;0;1;11;1;3632;1;671;0,97 Intp ;2482;1;191;0,97 Intp ;11;1;222;1;770;0,97 Intp ;369;0,9409 Intp ;2268;1;137695;0,97 Intp ;61141;0,9775 Intp ;235440;1;900;0,97 Intp ;481;0,948175 Intp ;2587;1;36137457;1;3387476;0,99 Intp ;27860817;0,98 Intp ;3;0,99 Intp ;1;0,9801 Intp ;2;0,950894 Intp ;1;1;362;1;55;1;21;0,4962625 Intp ;9;0,99 Intp ;12045819;0,99 Intp ;3387476;0,970299 Intp ;13930408;0,93187612 Intp ;36397256;0,967921015 Intp ;12132419;0,9582418048 Intp ;30;0,985 Intp 
60180;1;300060;0,97 Intp ;30180;0,97 Intp ;42240;1 nErf ;60180;0,97 Intp nErf ;8280;1 nErf ;5340;0,97 Intp ;3540;0,97 Intp ;12660;1;157;0,97 Intp nErf ;90;1 nErf ;91;1 nErf ;239;0,97 Intp ;91;1;78;1;94;1;67;1;100;1;57;1;97;0,97 Intp ;62;1;-3;0 Fehl Impl nErm ;36;1;17;1;9;0,9409 Intp ;1;0,9409 Intp ;42;1 Intp ;383;0,97 Intp ;3334;0,97 Intp ;332;0,97 Intp ;57;0,97 Intp ;53;0,97 Intp ;127;1;177;0,97 Intp ;661;0,97 Intp ;106;1;60663;0,977725 Intp ;66021;0,97 Intp ;26004;1;386;0,94839325 Intp ;734;0,97 Intp ;286;1;36527877;0,98 Intp ;3409016;0,98 Intp ;27971517;0,99 Intp ;1;0,9506 Intp ;1;0,9604 Intp ;1;0,9702 Intp ;1;0,950894 Intp ;-3;0 Fehl nErm ;-3;0 Fehl nErm ;11;0,4866795348 Intp ;9;0,9604 Intp ;36527877;0,931588 Intp ;3409016;0,941192 Intp ;27971517;0,960498 Intp ;36494057;0,967997 Intp ;36494057;0,9201779482 Intp ;41;0,9925 Intp 
154020;1;300060;0,97 Intp ;114600;1;120180;0,97 Intp nErf ;60180;0,97 Intp nErf ;102540;1 nErf ;5340;0,97 Intp ;3540;0,97 Intp ;12060;1;96;1 nErf ;127;0,97 Intp nErf ;60;1 nErf ;99;1;163;0,97 Intp ;63;1;82;1;50;1;61;0,97 Intp ;21;1;97;0,97 Intp ;97;0,97 Intp ;12;1;38;1;25;1;3;0,9409 Intp ;1;0,9409 Intp ;11;1;1604;1;2363;0,9409 Intp ;1910;1;65;0,97 Intp ;71;0,97 Intp ;198;0,97 Intp ;1214;0,97 Intp ;369;0,9409 Intp ;1628;1;131768;0,97 Intp ;67990;0,962725 Intp ;119906;0,9925 Intp ;1373;0,97 Intp ;535;0,93384325 Intp ;1998;0,9925 Intp ;37096557;0,99 Intp ;3429956;0,98 Intp ;28254417;0,98 Intp ;2;0,970497 Intp ;0;0,9506 Intp ;1;0,950894 Intp ;1;0,960597 Intp ;72;1;38;1;14;0,4915083059 Intp ;9;0,9702 Intp ;18548278;0,96079203 Intp ;89;1;28254417;0,93187612 Intp ;36897906;0,95586603 Intp ;18448953;0,9276651145 Intp ;45;0,985 Intp 
465420;1;300060;0,97 Intp ;586380;1;120180;0,97 Intp nErf ;60180;0,97 Intp nErf ;299820;0,97 Intp nErf ;1920;1;3540;0,97 Intp ;19860;1;61;0,97 Intp nErf ;127;0,97 Intp nErf ;199;0,97 Intp nErf ;43;0,97 Intp ;143;1;197;0,97 Intp ;77;1;68;1;74;1;97;0,9409 Intp ;97;0,97 Intp ;97;0,97 Intp ;53;1;15;1;-3;0 Fehl Impl nErm ;0;1;1;0,9409 Intp ;3;1;7630;0,97 Intp ;2363;0,9409 Intp ;2947;0,97 Intp ;25;1;52;0,97 Intp ;268;1;2795;0,9409 Intp ;421;0,97 Intp ;1522;0,9409 Intp ;124020;0,9775 Intp ;67149;0,97 Intp ;376480;0,9775 Intp ;2033;0,948175 Intp ;529;0,9409 Intp ;1892;0,948175 Intp ;38448417;0,99 Intp ;3455276;0,99 Intp ;28734597;0,97 Intp ;5;0,950697 Intp ;1;0,9801 Intp ;3;0,922082 Intp ;3;0,941094 Intp ;-3;0 Fehl nErm ;-3;0 Fehl nErm ;28;0,4842280982 Intp ;9;0,9801 Intp ;7689683;0,94119003 Intp ;3455276;0,970299 Intp ;9578199;0,89441954 Intp ;37510998;0,955790045 Intp ;7502200;0,9086667284 Intp ;68;0,97 Intp 
407760;1;300060;0,97 Intp ;242580;1;120180;0,97 Intp nErf ;60180;0,97 Intp nErf ;225300;1 nErf ;1800;1;3540;0,97 Intp ;17280;1;86;1 nErf ;42;1 nErf ;48;1 nErf ;86;1;42;1;49;1;57;1;89;0,97 Intp ;61;0,97 Intp ;97;0,97 Intp ;83;1;34;1;5;1;18;1;30;1;0;1;1;0,9409 Intp ;7;1;4741;1;7144;0,97 Intp ;5054;1;32;1;40;0,9409 Intp ;283;0,97 Intp ;1397;0,97 Intp ;1433;0,97 Intp ;4598;1;124302;0,985 Intp ;65490;0,962725 Intp ;249492;0,9925 Intp ;1445;0,985 Intp ;1559;0,962725 Intp ;5198;0,9925 Intp ;39398817;0,99 Intp ;3477896;0,99 Intp ;29140257;0,98 Intp ;2;0,9801 Intp ;0;0,960597 Intp ;1;0,9604 Intp ;2;0,9702 Intp ;50;1;30;1;11;0,4950745012 Intp ;9;0,9801 Intp ;19699408;0,970299 Intp ;89;1;29140257;0,941192 Intp ;37904555;0,9654467575 Intp ;18952278;0,946234367 Intp ;29;1
485460;1;300060;0,97 Intp ;369060;1;120180;0,97 Intp nErf ;60180;0,97 Intp nErf ;299820;0,97 Intp nErf ;300;1;3540;0,97 Intp ;11100;1;157;0,97 Intp nErf ;127;0,97 Intp nErf ;199;0,97 Intp nErf ;231;1;163;0,97 Intp ;197;0,97 Intp ;37;1;32;1;61;0,97 Intp ;97;0,9409 Intp ;55;1;97;0,97 Intp ;23;1;43;1;24;1;0;1;1;0,9409 Intp ;3;1;3092;0,97 Intp ;2363;0,9409 Intp ;1855;0,97 Intp ;8;1;111;0,97 Intp ;182;0,97 Intp ;520;0,97 Intp ;369;0,9409 Intp ;1522;0,9409 Intp ;121362;0,985 Intp ;68388;0,962725 Intp ;345552;0,97 Intp ;773;0,95545 Intp ;538;0,93384325 Intp ;1736;0,9409 Intp ;40553397;0,99 Intp ;3492836;0,99 Intp ;29620437;0,97 Intp ;5;0,950697 Intp ;0;0,9702 Intp ;3;0,922082 Intp ;2;0,950697 Intp ;140;1;43;1;28;0,4842280982 Intp ;9;0,9801 Intp ;8110679;0,94119003 Intp ;89;1;9873479;0,89441954 Intp ;38562097;0,953339795 Intp ;7712419;0,9063372831 Intp ;47;0,97 Intp 
434580;1;300060;0,97 Intp ;275940;1;120180;0,97 Intp nErf ;60180;0,97 Intp nErf ;274020;1 nErf ;5340;0,97 Intp ;3540;0,97 Intp ;1920;1;144;1 nErf ;127;0,97 Intp nErf ;31;0,97 Intp nErf ;153;1;163;0,97 Intp ;47;0,97 Intp ;17;0,97 Intp ;89;0,97 Intp ;78;1;20;1;18;1;88;1;30;1;14;1;34;1;1;0,9409 Intp ;1;0,9409 Intp ;1;1;3018;1;2363;0,9409 Intp ;8901;0,97 Intp ;314;0,9409 Intp ;40;0,9409 Intp ;25;1;785;0,97 Intp ;369;0,9409 Intp ;5830;0,97 Intp ;138122;0,962725 Intp ;67127;0,95545 Intp ;276708;0,9925 Intp ;959;0,962725 Intp ;529;0,9267865 Intp ;8926;0,962725 Intp ;41563977;0,99 Intp ;3503636;0,98 Intp ;30074817;0,98 Intp ;3;0,960597 Intp ;0;0,941388 Intp ;1;0,941094 Intp ;1;0,9801 Intp ;218;1;34;1;18;0,4878559508 Intp ;8;0,9702 Intp ;13854659;0,95099103 Intp ;89;1;30074817;0,92227212 Intp ;38903980;0,95120809 Intp ;12967993;0,9137276376 Intp ;49;0,9775 Intp 
51060;1;300060;0,97 Intp ;81900;1;21300;1 nErf ;60180;0,97 Intp nErf ;76320;1 nErf ;5340;0,97 Intp ;3540;0,97 Intp ;5580;1;156;1 nErf ;127;0,97 Intp nErf ;199;0,97 Intp nErf ;211;1;163;0,97 Intp ;197;0,97 Intp ;113;0,97 Intp ;36;1;61;0,97 Intp ;12;1;97;0,97 Intp ;97;0,97 Intp ;12;1;42;1;18;1;10;0,9409 Intp ;1;0,9409 Intp ;7;1;327;1;2363;0,9409 Intp ;412;0,97 Intp ;47;0,9409 Intp ;98;0,97 Intp ;91;0,97 Intp ;101;1;369;0,9409 Intp ;387;0,97 Intp ;37213;0,977725 Intp ;68300;0,962725 Intp ;99310;0,985 Intp ;239;0,977725 Intp ;538;0,93384325 Intp ;499;0,95545 Intp ;41996997;0,99 Intp ;3518096;0,98 Intp ;30232617;0,99 Intp ;1;0,960597 Intp ;0;0,941094 Intp ;1;0,960597 Intp ;1;0,960597 Intp ;290;1;42;1;15;0,4878559508 Intp ;8;0,9702 Intp ;41996997;0,95099103 Intp ;89;1;30232617;0,95099103 Intp ;39098219;0,960914295 Intp ;39098219;0,923051389 Intp ;46;0,9775 Intp 
79380;1;152640;1;30180;0,97 Intp ;68940;1 nErf ;60180;0,97 Intp nErf ;16860;1 nErf ;5340;0,97 Intp ;3540;0,97 Intp ;11460;1;70;1 nErf ;127;0,97 Intp nErf ;31;0,97 Intp nErf ;64;1;163;0,97 Intp ;47;0,97 Intp ;111;1;89;0,97 Intp ;61;0,97 Intp ;97;0,97 Intp ;97;0,97 Intp ;97;0,97 Intp ;57;1;52;1;9;1;7;0,9409 Intp ;2;0,9409 Intp ;38;1 Intp ;1134;1;1202;0,97 Intp ;974;0,9409 Intp ;48;0,97 Intp ;40;0,9409 Intp ;188;0,97 Intp ;1077;1;369;0,9409 Intp ;359;0,97 Intp ;79620;0,985 Intp ;67127;0,95545 Intp ;32904;0,985 Intp ;1137;0,985 Intp ;529;0,9267865 Intp ;1061;0,95545 Intp ;42259197;0,99 Intp ;3538436;0,98 Intp ;30378597;0,99 Intp ;1;0,960597 Intp ;0;0,941094 Intp ;0;0,960597 Intp ;1;0,950697 Intp ;408;1;57;1;8;0,4878559508 Intp ;8;0,9702 Intp ;42259197;0,95099103 Intp ;89;1;251;1;39224687;0,960914295 Intp ;39224687;0,923051389 Intp ;73;0,9775 Intp 
163380;1 Intp ;-3;0 Fehl Intp Impl nErm ;163380;1;159840;1 Intp nErf ;-3;0 Fehl Intp Impl nErm ;159840;1 nErf ;3540;1 Intp ;-3;0 Fehl Intp Impl nErm nErf ;3540;1;115;1 Intp nErf ;-3;0 Fehl Intp Impl nErm nErf ;115;1 nErf ;116;1 Intp ;-3;0 Fehl Intp Impl nErm ;116;1;73;1 Intp ;-3;0 Fehl Intp Impl nErm ;73;1;-3;0 Fehl Impl nErm ;-3;0 Fehl Impl nErm ;3;1;40;1;-3;0 Fehl Impl nErm ;26;1;2;1 Intp ;-3;0 Fehl nErm ;2;1;1421;1 Intp ;541;1;1421;1;48;1 Intp ;0;1;48;1;1378;1 Intp ;137;1;1378;1;168442;1 Intp ;-3;0 Fehl nErm ;167840;1;1465;1 Intp ;307;1 Fehl nErm ;1459;1;-3;0 Fehl Intp nErm ;-3;0 Fehl Intp nErm ;-3;0 Fehl Intp nErm ;-1;0 Fehl Intp nErm ;-1;0 Fehl Intp nErm ;-1;0 Fehl Intp nErm ;-1;0 Fehl nErm ;-3;0 Fehl nErm ;-3;0 Fehl nErm ;0;0 nErm ;-3;0 Fehl nErm ;491;1;89;1;0;1;-3;0 Fehl nErm ;449;1 Fehl nErm ;0;0 Fehl nErm 
-3;0 Fehl Intp Impl nErm ;-3;0 Fehl Intp Impl nErm ;-3;0 Fehl Intp Impl nErm ;-3;0 Fehl Intp Impl nErm nErf ;-3;0 Fehl Intp Impl nErm ;-3;0 Fehl Intp Impl nErm nErf ;-3;0 Fehl Intp Impl nErm ;-3;0 Fehl Intp Impl nErm nErf ;-3;0 Fehl Intp Impl nErm ;-3;0 Fehl Intp Impl nErm nErf ;-3;0 Fehl Intp Impl nErm nErf ;-3;0 Fehl Intp Impl nErm nErf ;-3;0 Fehl Intp Impl nErm ;-3;0 Fehl Intp Impl nErm ;-3;0 Fehl Intp Impl nErm ;-3;0 Fehl Intp Impl nErm ;-3;0 Fehl Intp Impl nErm ;-3;0 Fehl Intp Impl nErm ;53;1;-3;0 Fehl Impl nErm ;-3;0 Fehl Impl nErm ;47;1;-3;0 Fehl Impl nErm ;32;1;-3;0 Fehl nErm ;-3;0 Fehl nErm ;-3;0 Fehl nErm ;307;1;541;1;151;1;19;1;0;1;31;1;97;1;137;1;139;1;-3;0 Fehl nErm ;-3;0 Fehl nErm ;-3;0 Fehl nErm ;79;1 Fehl nErm ;0;1 Fehl nErm ;29;1 Fehl nErm ;-3;0 Fehl nErm ;-3;0 Fehl nErm ;-3;0 Fehl nErm ;-1;0 Fehl nErm ;-1;0 Fehl nErm ;-1;0 Fehl nErm ;-1;0 Fehl nErm ;-3;0 Fehl nErm ;-3;0 Fehl nErm ;0;0 nErm ;-3;0 Fehl nErm ;491;1;89;1;0;1;-3;0 Fehl nErm ;0;1 Fehl nErm ;0;0 Fehl nErm 
-3;0 Fehl Intp Impl nErm ;-3;0 Fehl Intp Impl nErm ;-3;0 Fehl Intp Impl nErm ;-3;0 Fehl Intp Impl nErm nErf ;-3;0 Fehl Intp Impl nErm nErf ;-3;0 Fehl Intp Impl nErm nErf ;-3;0 Fehl Intp Impl nErm ;-3;0 Fehl Intp Impl nErm ;-3;0 Fehl Intp Impl nErm ;-3;0 Fehl Intp Impl nErm nErf ;-3;0 Fehl Intp Impl nErm nErf ;-3;0 Fehl Intp Impl nErm nErf ;-3;0 Fehl Intp Impl nErm ;-3;0 Fehl Intp Impl nErm ;-3;0 Fehl Intp Impl nErm ;-3;0 Fehl Intp Impl nErm ;-3;0 Fehl Intp Impl nErm ;-3;0 Fehl Intp Impl nErm ;-3;0 Fehl Impl nErm ;-3;0 Fehl Impl nErm ;-3;0 Fehl Impl nErm ;54;1;39;1;32;1;-3;0 Fehl nErm ;-3;0 Fehl nErm ;-3;0 Fehl nErm ;307;1;541;1;151;1;19;1;0;1;0;1;0;1;137;1;0;1;-3;0 Fehl nErm ;-3;0 Fehl nErm ;-3;0 Fehl nErm ;0;1 Fehl nErm ;0;1 Fehl nErm ;0;1 Fehl nErm ;-3;0 Fehl nErm ;-3;0 Fehl nErm ;-3;0 Fehl nErm ;-1;0 Fehl nErm ;-1;0 Fehl nErm ;-1;0 Fehl nErm ;-1;0 Fehl nErm ;122;1;54;1;0;0 nErm ;-3;0 Fehl nErm ;491;1;89;1;0;1;-3;0 Fehl nErm ;0;1 Fehl nErm ;0;0 Fehl nErm 
241800;1 Intp ;-3;0 Fehl Intp Impl nErm ;241800;1;238020;1 Intp nErf ;-3;0 Fehl Intp Impl nErm nErf ;238020;1 nErf ;3780;1 Intp ;-3;0 Fehl Intp Impl nErm ;3780;1;150;1 Intp nErf ;-3;0 Fehl Intp Impl nErm nErf ;150;1 nErf ;151;1 Intp ;-3;0 Fehl Intp Impl nErm ;151;1;91;1 Intp ;-3;0 Fehl Intp Impl nErm ;91;1;16;1;144;1;91;1;-3;0 Fehl Impl nErm ;43;1;-3;0 Fehl Impl nErm ;2;1 Intp ;-3;0 Fehl nErm ;2;1;1612;1 Intp ;541;1;1612;1;42;1 Intp ;0;1;42;1;1576;1 Intp ;137;1;1576;1;247848;1 Intp ;-3;0 Fehl nErm ;247848;1;1652;1 Intp ;0;1 Fehl nErm ;1652;1;-3;0 Fehl Intp nErm ;-3;0 Fehl Intp nErm ;-3;0 Fehl Intp nErm ;-1;0 Fehl Intp nErm ;-1;0 Fehl Intp nErm ;-1;0 Fehl Intp nErm ;-1;0 Fehl Intp nErm ;-3;0 Fehl nErm ;-3;0 Fehl nErm ;0;0 nErm ;-3;0 Fehl nErm ;491;1;89;1;0;1;-3;0 Fehl nErm ;0;1 Fehl nErm ;0;0 Fehl nErm 
-3;0 Fehl Intp Impl nErm ;-3;0 Fehl Intp Impl nErm ;-3;0 Fehl Intp Impl nErm ;-3;0 Fehl Intp Impl nErm nErf ;-3;0 Fehl Intp Impl nErm ;-3;0 Fehl Intp Impl nErm nErf ;-3;0 Fehl Intp Impl nErm ;-3;0 Fehl Intp Impl nErm nErf ;-3;0 Fehl Intp Impl nErm ;-3;0 Fehl Intp Impl nErm nErf ;-3;0 Fehl Intp Impl nErm nErf ;-3;0 Fehl Intp Impl nErm nErf ;-3;0 Fehl Intp Impl nErm ;-3;0 Fehl Intp Impl nErm ;-3;0 Fehl Intp Impl nErm ;-3;0 Fehl Intp Impl nErm ;-3;0 Fehl Intp Impl nErm ;-3;0 Fehl Intp Impl nErm ;83;1;85;1;96;1;-3;0 Fehl Impl nErm ;51;1;-3;0 Fehl Impl nErm ;-3;0 Fehl nErm ;-3;0 Fehl nErm ;-3;0 Fehl nErm ;307;1;541;1;151;1;19;1;0;1;31;1;97;1;137;1;139;1;-3;0 Fehl nErm ;-3;0 Fehl nErm ;-3;0 Fehl nErm ;79;1 Fehl nErm ;0;1 Fehl nErm ;29;1 Fehl nErm ;-3;0 Fehl nErm ;-3;0 Fehl nErm ;-3;0 Fehl nErm ;-1;0 Fehl nErm ;-1;0 Fehl nErm ;-1;0 Fehl nErm ;-1;0 Fehl nErm ;-3;0 Fehl nErm ;-3;0 Fehl nErm ;0;0 nErm ;-3;0 Fehl nErm ;491;1;89;1;0;1;-3;0 Fehl nErm ;0;1 Fehl nErm ;0;0 Fehl nErm 
-3;0 Fehl Intp Impl nErm ;-3;0 Fehl Intp Impl nErm ;-3;0 Fehl Intp Impl nErm ;-3;0 Fehl Intp Impl nErm nErf ;-3;0 Fehl Intp Impl nErm ;-3;0 Fehl Intp Impl nErm nErf ;-3;0 Fehl Intp Impl nErm ;-3;0 Fehl Intp Impl nErm nErf ;-3;0 Fehl Intp Impl nErm ;-3;0 Fehl Intp Impl nErm nErf ;-3;0 Fehl Intp Impl nErm nErf ;-3;0 Fehl Intp Impl nErm nErf ;-3;0 Fehl Intp Impl nErm ;-3;0 Fehl Intp Impl nErm ;-3;0 Fehl Intp Impl nErm ;-3;0 Fehl Intp Impl nErm ;-3;0 Fehl Intp Impl nErm ;-3;0 Fehl Intp Impl nErm ;-3;0 Fehl Impl nErm ;56;1;-3;0 Fehl Impl nErm ;49;1;-3;0 Fehl Impl nErm ;49;1;-3;0 Fehl nErm ;-3;0 Fehl nErm ;-3;0 Fehl nErm ;307;1;541;1;151;1;19;1;0;1;0;1;0;1;137;1;0;1;-3;0 Fehl nErm ;-3;0 Fehl nErm ;-3;0 Fehl nErm ;0;1 Fehl nErm ;0;1 Fehl nErm ;0;1 Fehl nErm ;-3;0 Fehl nErm ;-3;0 Fehl nErm ;-3;0 Fehl nErm ;-1;0 Fehl nErm ;-1;0 Fehl nErm ;-1;0 Fehl nErm ;-1;0 Fehl nErm ;-3;0 Fehl nErm ;-3;0 Fehl nErm ;0;0 nErm ;-3;0 Fehl nErm ;491;1;89;1;0;1;-3;0 Fehl nErm ;0;1 Fehl nErm ;0;0 Fehl nErm 
-3;0 Fehl Intp Impl nErm ;-3;0 Fehl Intp Impl nErm ;-3;0 Fehl Intp Impl nErm ;-3;0 Fehl Intp Impl nErm nErf ;-3;0 Fehl Intp Impl nErm ;-3;0 Fehl Intp Impl nErm nErf ;-3;0 Fehl Intp Impl nErm ;-3;0 Fehl Intp Impl nErm nErf ;-3;0 Fehl Intp Impl nErm ;-3;0 Fehl Intp Impl nErm nErf ;-3;0 Fehl Intp Impl nErm nErf ;-3;0 Fehl Intp Impl nErm nErf ;-3;0 Fehl Intp Impl nErm ;-3;0 Fehl Intp Impl nErm ;-3;0 Fehl Intp Impl nErm ;-3;0 Fehl Intp Impl nErm ;-3;0 Fehl Intp Impl nErm ;-3;0 Fehl Intp Impl nErm ;-3;0 Fehl Impl nErm ;167;1;-3;0 Fehl Impl nErm ;57;1;-3;0 Fehl Impl nErm ;-3;0 Fehl Impl nErm ;-3;0 Fehl nErm ;-3;0 Fehl nErm ;-3;0 Fehl nErm ;307;1;541;1;151;1;19;1;0;1;0;1;0;1;137;1;0;1;-3;0 Fehl nErm ;-3;0 Fehl nErm ;-3;0 Fehl nErm ;0;1 Fehl nErm ;0;1 Fehl nErm ;0;1 Fehl nErm ;-3;0 Fehl nErm ;-3;0 Fehl nErm ;-3;0 Fehl nErm ;-1;0 Fehl nErm ;-1;0 Fehl nErm ;-1;0 Fehl nErm ;-1;0 Fehl nErm ;-3;0 Fehl nErm ;-3;0 Fehl nErm ;0;0 nErm ;-3;0 Fehl nErm ;491;1;89;1;0;1;-3;0 Fehl nErm ;0;1 Fehl nErm ;0;0 Fehl nErm 
108720;1;108720;1 Intp ;-3;0 Fehl Intp Impl nErm ;106920;1 nErf ;106920;1 Intp nErf ;-3;0 Fehl Intp Impl nErm nErf ;1800;1;1800;1 Intp ;-3;0 Fehl Intp Impl nErm ;139;1 nErf ;139;1 Intp nErf ;-3;0 Fehl Intp Impl nErm nErf ;140;1;140;1 Intp ;-3;0 Fehl Intp Impl nErm ;73;1;73;1 Intp ;-3;0 Fehl Intp Impl nErm ;61;1;-3;0 Fehl Impl nErm ;-3;0 Fehl Impl nErm ;15;1;-3;0 Fehl Impl nErm ;-3;0 Fehl Impl nErm ;2;1;2;1 Intp ;-3;0 Fehl nErm ;782;1;782;1 Intp ;151;1;25;1;25;1 Intp ;0;1;764;1;764;1 Intp ;0;1;111726;1;110374;1 Intp ;-3;0 Fehl nErm ;804;1;794;1 Intp ;0;1 Fehl nErm ;-3;0 Fehl Intp nErm ;-3;0 Fehl Intp nErm ;-3;0 Fehl Intp nErm ;-1;0 Fehl Intp nErm ;-1;0 Fehl Intp nErm ;-1;0 Fehl Intp nErm ;-1;0 Fehl nErm ;-3;0 Fehl nErm ;-3;0 Fehl nErm ;0;0 nErm ;-3;0 Fehl nErm ;491;1;89;1;0;1;-3;0 Fehl nErm ;0;1 Fehl nErm ;0;0,5 Fehl Intp nErm 
68340;1 Intp ;55560;1;68340;1;45420;1 Intp nErf ;53340;1 nErf ;45420;1 nErf ;22920;1 Intp ;2220;1;22920;1;151;1 Intp nErf ;75;1 nErf ;151;1 nErf ;194;1 Intp ;75;1;194;1;65;1 Intp ;86;1;65;1;81;1;1;1;47;1;15;1;58;1;45;1;34;1 Intp ;4;1;34;1;453;1 Intp ;741;1;453;1;353;1 Intp ;26;1;353;1;234;1 Intp ;711;1;234;1;120827;1 Intp ;56670;1;136642;1;800;1 Intp ;756;1;905;1;192237;1 Intp ;48057;1 Intp ;144177;1 Intp ;129;1 Intp ;66;1 Intp ;150;1 Intp ;46;1 Intp ;115;1;58;1;52;0,5 Intp ;25;1 Intp ;1490;1 Intp ;728;1 Intp ;961;1 Intp ;345055;1 Intp ;2675;1 Intp ;76;1 Intp 
-3;0 Fehl Intp Impl nErm ;-3;0 Fehl Intp Impl nErm ;-3;0 Fehl Intp Impl nErm ;-3;0 Fehl Intp Impl nErm nErf ;-3;0 Fehl Intp Impl nErm nErf ;-3;0 Fehl Intp Impl nErm nErf ;-3;0 Fehl Intp Impl nErm ;-3;0 Fehl Intp Impl nErm ;-3;0 Fehl Intp Impl nErm ;-3;0 Fehl Intp Impl nErm nErf ;-3;0 Fehl Intp Impl nErm nErf ;-3;0 Fehl Intp Impl nErm nErf ;-3;0 Fehl Intp Impl nErm ;-3;0 Fehl Intp Impl nErm ;-3;0 Fehl Intp Impl nErm ;-3;0 Fehl Intp Impl nErm ;-3;0 Fehl Intp Impl nErm ;-3;0 Fehl Intp Impl nErm ;130;1;99;1;81;1;21;1;24;1;-3;0 Fehl Impl nErm ;-3;0 Fehl nErm ;-3;0 Fehl nErm ;-3;0 Fehl nErm ;307;1;541;1;151;1;19;1;0;1;31;1;97;1;137;1;139;1;-3;0 Fehl nErm ;-3;0 Fehl nErm ;-3;0 Fehl nErm ;79;1 Fehl nErm ;307;1 Fehl nErm ;29;1 Fehl nErm ;-3;0 Fehl nErm ;-3;0 Fehl nErm ;-3;0 Fehl nErm ;-1;0 Fehl nErm ;-1;0 Fehl nErm ;-1;0 Fehl nErm ;-1;0 Fehl nErm ;-3;0 Fehl nErm ;-3;0 Fehl nErm ;0;0 nErm ;-3;0 Fehl nErm ;491;1;89;1;251;1;-3;0 Fehl nErm ;449;1 Fehl nErm ;0;0 Fehl nErm 
-3;0 Fehl Intp Impl nErm ;-3;0 Fehl Intp Impl nErm ;-3;0 Fehl Intp Impl nErm ;-3;0 Fehl Intp Impl nErm nErf ;-3;0 Fehl Intp Impl nErm nErf ;-3;0 Fehl Intp Impl nErm nErf ;-3;0 Fehl Intp Impl nErm ;-3;0 Fehl Intp Impl nErm ;-3;0 Fehl Intp Impl nErm ;-3;0 Fehl Intp Impl nErm nErf ;-3;0 Fehl Intp Impl nErm nErf ;-3;0 Fehl Intp Impl nErm nErf ;-3;0 Fehl Intp Impl nErm ;-3;0 Fehl Intp Impl nErm ;-3;0 Fehl Intp Impl nErm ;-3;0 Fehl Intp Impl nErm ;-3;0 Fehl Intp Impl nErm ;-3;0 Fehl Intp Impl nErm ;-3;0 Fehl Impl nErm ;-3;0 Fehl Impl nErm ;-3;0 Fehl Impl nErm ;44;1;-3;0 Fehl Impl nErm ;-3;0 Fehl Impl nErm ;-3;0 Fehl nErm ;-3;0 Fehl nErm ;-3;0 Fehl nErm ;307;1;541;1;151;1;19;1;0;1;0;1;0;1;137;1;0;1;-3;0 Fehl nErm ;-3;0 Fehl nErm ;-3;0 Fehl nErm ;0;1 Fehl nErm ;0;1 Fehl nErm ;0;1 Fehl nErm ;-3;0 Fehl nErm ;-3;0 Fehl nErm ;-3;0 Fehl nErm ;-1;0 Fehl nErm ;-1;0 Fehl nErm ;-1;0 Fehl nErm ;-1;0 Fehl nErm ;-3;0 Fehl nErm ;-3;0 Fehl nErm ;0;0 nErm ;-3;0 Fehl nErm ;491;1;89;1;0;1;-3;0 Fehl nErm ;0;1 Fehl nErm ;0;0 Fehl nErm 
291780;1 Intp ;226740;1;291780;1;263940;1 Intp nErf ;-120;1 Intp nErf ;263940;1 nErf ;27840;1 Intp ;-120;1 Intp ;27840;1;167;1 Intp nErf ;104;1 nErf ;167;1 nErf ;177;1 Intp ;117;1;177;1;76;1 Intp ;-2;1 Intp ;76;1;67;1;-3;0 Fehl Impl nErm ;-3;0 Fehl Impl nErm ;-3;0 Fehl Impl nErm ;-3;0 Fehl Impl nErm ;-3;0 Fehl Impl nErm ;10;1 Intp ;0;1 Intp ;10;1;1747;1 Intp ;2180;1;1747;1;366;1 Intp ;60;1 Intp ;366;1;1491;1 Intp ;-1;1 Intp ;1491;1;347738;1 Intp ;-389;1 Intp ;359153;1;2082;1 Intp ;-4;1 Intp ;2151;1;810297;1 Intp ;55557;1 Intp ;527757;1 Intp ;149;1 Intp ;76;1 Intp ;177;1 Intp ;-1;0 Fehl Intp nErm ;-3;0 Fehl nErm ;-3;0 Fehl nErm ;47;0,5 Intp ;7;1 Intp ;5438;1 Intp ;731;1 Intp ;2982;1 Intp ;778875;1 Intp ;5227;1 Intp ;63;1 Intp 
-3;0 Fehl Intp Impl nErm ;-3;0 Fehl Intp Impl nErm ;-3;0 Fehl Impl nErm ;-3;0 Fehl Intp Impl nErm nErf ;-3;0 Fehl Intp Impl nErm nErf ;-3;0 Fehl Impl nErm nErf ;-3;0 Fehl Intp Impl nErm ;-3;0 Fehl Intp Impl nErm ;-3;0 Fehl Impl nErm ;-3;0 Fehl Intp Impl nErm nErf ;-3;0 Fehl Intp Impl nErm nErf ;-3;0 Fehl Impl nErm nErf ;-3;0 Fehl Intp Impl nErm ;-3;0 Fehl Intp Impl nErm ;-3;0 Fehl Impl nErm ;-3;0 Fehl Intp Impl nErm ;-3;0 Fehl Intp Impl nErm ;-3;0 Fehl Intp Impl nErm ;-3;0 Fehl Impl nErm ;-3;0 Fehl Impl nErm ;15;1;36;1;47;1;21;1;-3;0 Fehl nErm ;-3;0 Fehl nErm ;-3;0 Fehl nErm ;307;1;541;1;151;1;19;1;41;1;31;1;97;1;0;1;139;1;-3;0 Fehl nErm ;-3;0 Fehl nErm ;-3;0 Fehl nErm ;79;1 Fehl nErm ;0;1 Fehl nErm ;29;1 Fehl nErm ;-3;0 Fehl nErm ;-3;0 Fehl nErm ;-3;0 Fehl nErm ;-1;0 Fehl nErm ;-1;0 Fehl nErm ;-1;0 Fehl nErm ;-1;0 Fehl nErm ;101;1;47;1;0;0 nErm ;-3;0 Fehl nErm ;491;1;89;1;251;1;-3;0 Fehl nErm ;449;1 Fehl nErm ;0;0 Fehl nErm 
-3;0 Fehl Intp Impl nErm ;-3;0 Fehl Intp Impl nErm ;-3;0 Fehl Impl nErm ;-3;0 Fehl Intp Impl nErm nErf ;-3;0 Fehl Intp Impl nErm ;-3;0 Fehl Impl nErm nErf ;-3;0 Fehl Intp Impl nErm ;-3;0 Fehl Intp Impl nErm nErf ;-3;0 Fehl Impl nErm ;-3;0 Fehl Intp Impl nErm nErf ;-3;0 Fehl Intp Impl nErm nErf ;-3;0 Fehl Impl nErm nErf ;-3;0 Fehl Intp Impl nErm ;-3;0 Fehl Intp Impl nErm ;-3;0 Fehl Impl nErm ;-3;0 Fehl Intp Impl nErm ;-3;0 Fehl Intp Impl nErm ;-3;0 Fehl Intp Impl nErm ;-3;0 Fehl Impl nErm ;-3;0 Fehl Impl nErm ;6;1;-3;0 Fehl Impl nErm ;-3;0 Fehl Impl nErm ;22;1;-3;0 Fehl nErm ;-3;0 Fehl nErm ;-3;0 Fehl nErm ;307;1;541;1;151;1;19;1;0;1;0;1;0;1;0;1;0;1;-3;0 Fehl nErm ;-3;0 Fehl nErm ;-3;0 Fehl nErm ;0;1 Fehl nErm ;0;1 Fehl nErm ;0;1 Fehl nErm ;-3;0 Fehl nErm ;-3;0 Fehl nErm ;-3;0 Fehl nErm ;-1;0 Fehl nErm ;-1;0 Fehl nErm ;-1;0 Fehl nErm ;-1;0 Fehl nErm ;-3;0 Fehl nErm ;-3;0 Fehl nErm ;0;0 nErm ;-3;0 Fehl nErm ;491;1;89;1;0;1;-3;0 Fehl nErm ;0;1 Fehl nErm ;0;0 Fehl nErm 
-3;0 Fehl Intp Impl nErm ;-3;0 Fehl Intp Impl nErm ;-3;0 Fehl Intp Impl nErm ;-3;0 Fehl Intp Impl nErm nErf ;-3;0 Fehl Intp Impl nErm nErf ;-3;0 Fehl Intp Impl nErm nErf ;-3;0 Fehl Intp Impl nErm ;-3;0 Fehl Intp Impl nErm ;-3;0 Fehl Intp Impl nErm ;-3;0 Fehl Intp Impl nErm nErf ;-3;0 Fehl Intp Impl nErm nErf ;-3;0 Fehl Intp Impl nErm nErf ;-3;0 Fehl Intp Impl nErm ;-3;0 Fehl Intp Impl nErm ;-3;0 Fehl Intp Impl nErm ;-3;0 Fehl Intp Impl nErm ;-3;0 Fehl Intp Impl nErm ;-3;0 Fehl Intp Impl nErm ;37;1;171;1;-3;0 Fehl Impl nErm ;24;1;48;1;-3;0 Fehl Impl nErm ;-3;0 Fehl nErm ;-3;0 Fehl nErm ;-3;0 Fehl nErm ;307;1;541;1;151;1;19;1;0;1;0;1;0;1;0;1;0;1;-3;0 Fehl nErm ;-3;0 Fehl nErm ;-3;0 Fehl nErm ;0;1 Fehl nErm ;0;1 Fehl nErm ;0;1 Fehl nErm ;-3;0 Fehl nErm ;-3;0 Fehl nErm ;-3;0 Fehl nErm ;-1;0 Fehl nErm ;-1;0 Fehl nErm ;-1;0 Fehl nErm ;-1;0 Fehl nErm ;-3;0 Fehl nErm ;-3;0 Fehl nErm ;0;0 nErm ;-3;0 Fehl nErm ;491;1;89;1;0;1;-3;0 Fehl nErm ;0;1 Fehl nErm ;0;0 Fehl nErm 
-3;0 Fehl Intp Impl nErm ;-3;0 Fehl Intp Impl nErm ;-3;0 Fehl Intp Impl nErm ;-3;0 Fehl Intp Impl nErm nErf ;-3;0 Fehl Intp Impl nErm nErf ;-3;0 Fehl Intp Impl nErm nErf ;-3;0 Fehl Intp Impl nErm ;-3;0 Fehl Intp Impl nErm ;-3;0 Fehl Intp Impl nErm ;-3;0 Fehl Intp Impl nErm nErf ;-3;0 Fehl Intp Impl nErm nErf ;-3;0 Fehl Intp Impl nErm nErf ;-3;0 Fehl Intp Impl nErm ;-3;0 Fehl Intp Impl nErm ;-3;0 Fehl Intp Impl nErm ;-3;0 Fehl Intp Impl nErm ;-3;0 Fehl Intp Impl nErm ;-3;0 Fehl Intp Impl nErm ;129;1;-3;0 Fehl Impl nErm ;-3;0 Fehl Impl nErm ;36;1;35;1;-3;0 Fehl Impl nErm ;-3;0 Fehl nErm ;-3;0 Fehl nErm ;-3;0 Fehl nErm ;307;1;541;1;151;1;19;1;0;1;0;1;0;1;0;1;0;1;-3;0 Fehl nErm ;-3;0 Fehl nErm ;-3;0 Fehl nErm ;0;1 Fehl nErm ;0;1 Fehl nErm ;0;1 Fehl nErm ;-3;0 Fehl nErm ;-3;0 Fehl nErm ;-3;0 Fehl nErm ;-1;0 Fehl nErm ;-1;0 Fehl nErm ;-1;0 Fehl nErm ;-1;0 Fehl nErm ;-3;0 Fehl nErm ;-3;0 Fehl nErm ;0;0 nErm ;-3;0 Fehl nErm ;491;1;89;1;0;1;-3;0 Fehl nErm ;0;1 Fehl nErm ;0;0 Fehl nErm 
-3;0 Fehl Intp Impl nErm ;-3;0 Fehl Intp Impl nErm ;-3;0 Fehl Intp Impl nErm ;-3;0 Fehl Intp Impl nErm nErf ;-3;0 Fehl Intp Impl nErm nErf ;-3;0 Fehl Intp Impl nErm nErf ;-3;0 Fehl Intp Impl nErm ;-3;0 Fehl Intp Impl nErm ;-3;0 Fehl Intp Impl nErm ;-3;0 Fehl Intp Impl nErm nErf ;-3;0 Fehl Intp Impl nErm nErf ;-3;0 Fehl Intp Impl nErm nErf ;-3;0 Fehl Intp Impl nErm ;-3;0 Fehl Intp Impl nErm ;-3;0 Fehl Intp Impl nErm ;-3;0 Fehl Intp Impl nErm ;-3;0 Fehl Intp Impl nErm ;-3;0 Fehl Intp Impl nErm ;84;1;139;1;75;1;50;1;39;1;32;1;-3;0 Fehl nErm ;-3;0 Fehl nErm ;-3;0 Fehl nErm ;307;1;541;1;151;1;19;1;0;1;0;1;0;1;0;1;0;1;-3;0 Fehl nErm ;-3;0 Fehl nErm ;-3;0 Fehl nErm ;0;1 Fehl nErm ;0;1 Fehl nErm ;0;1 Fehl nErm ;-3;0 Fehl nErm ;-3;0 Fehl nErm ;-3;0 Fehl nErm ;-1;0 Fehl nErm ;-1;0 Fehl nErm ;-1;0 Fehl nErm ;-1;0 Fehl nErm ;118;1;50;1;0;0 nErm ;-3;0 Fehl nErm ;491;1;89;1;0;1;-3;0 Fehl nErm ;0;1 Fehl nErm ;0;0 Fehl nErm 
35700;1;35700;1 Intp ;-3;0 Fehl Intp Impl nErm ;31680;1 nErf ;31680;1 Intp ;-3;0 Fehl Intp Impl nErm nErf ;4020;1;4020;1 Intp nErf ;-3;0 Fehl Intp Impl nErm ;104;1 nErf ;104;1 Intp nErf ;-3;0 Fehl Impl nErm nErf ;113;1;113;1 Intp ;-3;0 Fehl Intp Impl nErm ;37;1;37;1 Intp ;-3;0 Fehl Intp Impl nErm ;35;1;-3;0 Fehl Impl nErm ;-3;0 Fehl Impl nErm ;37;1;-3;0 Fehl Impl nErm ;41;1;11;1;11;1 Intp ;-3;0 Fehl nErm ;343;1;343;1 Intp ;151;1;109;1;109;1 Intp ;0;1;280;1;280;1 Intp ;0;1;42775;1;39620;1 Intp ;-3;0 Fehl nErm ;411;1;381;1 Intp ;0;1 Fehl nErm ;-3;0 Fehl Intp nErm ;-3;0 Fehl Intp nErm ;-3;0 Fehl Intp nErm ;-1;0 Fehl Intp nErm ;-1;0 Fehl Intp nErm ;-1;0 Fehl Intp nErm ;-1;0 Fehl nErm ;-3;0 Fehl nErm ;-3;0 Fehl nErm ;0;0 nErm ;-3;0 Fehl nErm ;491;1;89;1;0;1;-3;0 Fehl nErm ;0;1 Fehl nErm ;0;0,5 Fehl Intp nErm 
-3;0 Fehl Intp Impl nErm ;-3;0 Fehl Intp Impl nErm ;-3;0 Fehl Intp Impl nErm ;-3;0 Fehl Intp Impl nErm nErf ;-3;0 Fehl Intp Impl nErm nErf ;-3;0 Fehl Intp Impl nErm nErf ;-3;0 Fehl Intp Impl nErm ;-3;0 Fehl Intp Impl nErm ;-3;0 Fehl Intp Impl nErm ;-3;0 Fehl Intp Impl nErm nErf ;-3;0 Fehl Intp Impl nErm nErf ;-3;0 Fehl Intp Impl nErm nErf ;-3;0 Fehl Intp Impl nErm ;-3;0 Fehl Intp Impl nErm ;-3;0 Fehl Intp Impl nErm ;-3;0 Fehl Intp Impl nErm ;-3;0 Fehl Intp Impl nErm ;-3;0 Fehl Intp Impl nErm ;90;1;-3;0 Fehl Impl nErm ;-3;0 Fehl Impl nErm ;-3;0 Fehl Impl nErm ;52;1;-3;0 Fehl Impl nErm ;-3;0 Fehl nErm ;-3;0 Fehl nErm ;-3;0 Fehl nErm ;307;1;541;1;151;1;19;1;41;1;0;1;97;1;137;1;0;1;-3;0 Fehl nErm ;-3;0 Fehl nErm ;-3;0 Fehl nErm ;79;1 Fehl nErm ;0;1 Fehl nErm ;0;1 Fehl nErm ;-3;0 Fehl nErm ;-3;0 Fehl nErm ;-3;0 Fehl nErm ;-1;0 Fehl nErm ;-1;0 Fehl nErm ;-1;0 Fehl nErm ;-1;0 Fehl nErm ;-3;0 Fehl nErm ;-3;0 Fehl nErm ;0;0 nErm ;-3;0 Fehl nErm ;491;1;89;1;0;1;-3;0 Fehl nErm ;0;1 Fehl nErm ;0;0 Fehl nErm 
-3;0 Fehl Intp Impl nErm ;-3;0 Fehl Intp Impl nErm ;-3;0 Fehl Impl nErm ;-3;0 Fehl Intp Impl nErm nErf ;-3;0 Fehl Intp Impl nErm ;-3;0 Fehl Impl nErm nErf ;-3;0 Fehl Intp Impl nErm ;-3;0 Fehl Intp Impl nErm nErf ;-3;0 Fehl Impl nErm ;-3;0 Fehl Intp Impl nErm nErf ;-3;0 Fehl Intp Impl nErm nErf ;-3;0 Fehl Impl nErm nErf ;-3;0 Fehl Intp Impl nErm ;-3;0 Fehl Intp Impl nErm ;-3;0 Fehl Impl nErm ;-3;0 Fehl Intp Impl nErm ;-3;0 Fehl Intp Impl nErm ;-3;0 Fehl Intp Impl nErm ;18;1;116;1;62;1;40;1;27;1;22;1;-3;0 Fehl nErm ;-3;0 Fehl nErm ;-3;0 Fehl nErm ;307;1;541;1;151;1;19;1;0;1;0;1;0;1;137;1;0;1;-3;0 Fehl nErm ;-3;0 Fehl nErm ;-3;0 Fehl nErm ;0;1 Fehl nErm ;0;1 Fehl nErm ;0;1 Fehl nErm ;-3;0 Fehl nErm ;-3;0 Fehl nErm ;-3;0 Fehl nErm ;-1;0 Fehl nErm ;-1;0 Fehl nErm ;-1;0 Fehl nErm ;-1;0 Fehl nErm ;86;1;40;1;0;0 nErm ;-3;0 Fehl nErm ;491;1;89;1;0;1;-3;0 Fehl nErm ;0;1 Fehl nErm ;0;0 Fehl nErm 
591780;1;24360;1;478020;1;570360;1 nErf ;15660;1 nErf ;474300;1 nErf ;21420;1;8700;1;3720;1;35;1 nErf ;94;1 nErf ;62;1 nErf ;34;1;143;1;62;1;60;1;7;1;109;1;1;1;63;1;46;1;53;1;39;1;46;1;4;1;36;1;1;1;16908;1;259;1;7710;1;357;1;1243;1;34;1;16775;1;110;1;7650;1;613200;1;36105;1;479508;1;17520;1;384;1;7734;1;1094157;1;33837;1;1060317;1;48;1;52;1;48;1;22;1;224;1;53;1;21;0,5 ;3;1;22795;1;651;1;22090;1;1144910;1;23852;1;48;1
555360;1;155400;1;211260;1;542220;1 nErf ;130500;1 nErf ;184080;1 nErf ;13140;1;24900;1;27180;1;97;1 nErf ;128;1 nErf ;172;1 nErf ;99;1;138;1;181;1;31;1;73;1;112;1;120;1;47;1;86;1;47;1;16;1;17;1;2;1;16;1;13;1;5725;1;1214;1;1228;1;424;1;341;1;243;1;5477;1;946;1;1017;1;577435;1;177966;1;259640;1;5953;1;1390;1;1510;1;2016177;1;99057;1;1917117;1;55;1;53;1;55;1;46;1;304;1;47;1;49;0,5 ;5;1;36658;1;1869;1;34857;1;2168722;1;39431;1;36;1
542340;1;374160;1;462180;1;523800;1 nErf ;367320;1 nErf ;436980;1 nErf ;18540;1;6840;1;25200;1;179;1 nErf ;209;1 nErf ;155;1 nErf ;182;1;212;1;160;1;89;1;75;1;72;1;155;1;196;1;24;1;19;1;17;1;-3;0 Fehl Impl nErm ;3;1;2;1;5;1;3030;1;1790;1;2982;1;208;1;91;1;350;1;2878;1;1733;1;2731;1;578122;1;383437;1;516612;1;3230;1;1835;1;3333;1;3394857;1;149637;1;3245217;1;73;1;27;1;75;1;50;1;-3;0 Fehl nErm ;-3;0 Fehl nErm ;71;0,5 ;4;1;46505;1;5542;1;43270;1;3762961;1;51547;1;40;1
327000;1;359280;1;211140;1;307800;1 nErf ;329280;1 nErf ;198060;1 nErf ;19200;1;30000;1;13080;1;185;1 nErf ;21;1 nErf ;193;1 nErf ;192;1;14;1;204;1;72;1;103;1;21;1;189;1;22;1;20;1;5;1;21;1;8;1;6;1;8;1;6;1;1768;1;17109;1;1094;1;267;1;291;1;623;1;1603;1;23520;1;971;1;369240;1;374280;1;264245;1;1996;1;17823;1;1369;1;4292277;1;211917;1;4080357;1;25;1;22;1;26;1;17;1;31;1;21;1;60;0,5 ;5;1;171691;1;9633;1;156937;1;4627103;1;185084;1;167;1
300480;1;348600;1;198000;1;283920;1 nErf ;341700;1 nErf ;191280;1 nErf ;16560;1;6900;1;6720;1;64;1 nErf ;75;1 nErf ;84;1 nErf ;62;1;74;1;83;1;105;1;106;1;103;1;36;1;97;1;84;1;55;1;59;1;44;1;6;1;2;1;3;1;4695;1;4648;1;2357;1;158;1;65;1;65;1;4579;1;4618;1;2305;1;317040;1;352050;1;200688;1;4954;1;4694;1;2389;1;5139357;1;242097;1;4897257;1;12;1;13;1;12;1;12;1;189;1;59;1;29;0,5 ;5;1;428280;1;18623;1;408105;1;5502500;1;458542;1;10;1
405000;1;40080;1;18420;1;393240;1 nErf ;37680;1 nErf ;8700;1 nErf ;11760;1;2400;1;9720;1;128;1 nErf ;208;1 nErf ;124;1 nErf ;129;1;219;1;171;1;82;1;32;1;82;1;40;1;8;1;79;1;45;1;-3;0 Fehl Impl nErm ;3;1;3;1;6;1;53;1;3164;1;193;1;149;1;143;1;75;1;119;1;3048;1;172;1;51;1;422287;1;44085;1;39610;1;3299;1;212;1;319;1;5602857;1;265977;1;5336877;1;11;1;7;1;11;1;3;1;-3;0 Fehl nErm ;-3;0 Fehl nErm ;39;0,5 ;5;1;509351;1;37997;1;485171;1;6023098;1;547554;1;82;1
293880;1;207180;1;66540;1;291240;1 nErf ;180540;1 nErf ;49740;1 nErf ;2640;1;26640;1;16800;1;85;1 nErf ;190;1 nErf ;71;1 nErf ;85;1;214;1;62;1;40;1;31;1;98;1;102;1;171;1;31;1;23;1;34;1;26;1;1;1;13;1;25;1;3457;1;1090;1;937;1;66;1;859;1;171;1;3426;1;844;1;802;1;297708;1;250969;1;73260;1;3502;1;1321;1;1032;1;6170457;1;312057;1;5858397;1;11;1;8;1;11;1;11;1;80;1;34;1;39;0,5 ;5;1;560951;1;39007;1;532582;1;6657263;1;605206;1;111;1
87480;1;422220;1;336840;1;57960;1 nErf ;394560;1 nErf ;307920;1 nErf ;29520;1;27660;1;28920;1;46;1 nErf ;185;1 nErf ;30;1 nErf ;20;1;191;1;28;1;97;1;107;1;56;1;78;1;179;1;81;1;13;1;19;1;34;1;34;1;7;1;9;1;1902;1;2282;1;11228;1;304;1;259;1;516;1;2898;1;2066;1;10997;1;117000;1;450572;1;348408;1;2543;1;2436;1;11614;1;7016997;1;398157;1;6618837;1;13;1;19;1;13;1;16;1;146;1;34;1;45;0,5 ;6;1;539769;1;20956;1;509141;1;7614230;1;585710;1;145;1
554220;1 Intp ;204960;1;554220;1;532980;1 Intp nErf ;195240;1 nErf ;532980;1 nErf ;21240;1 Intp ;9720;1;21240;1;104;1 nErf ;54;1 nErf ;2;1 nErf ;1;1 Intp ;53;1;1;1;84;1;80;1;27;1;32;1;1;1;34;1;48;1;13;1;59;1;4;1 Intp ;5;1;4;1;5329;1 Intp ;3796;1;277110;1;253;1 Intp ;122;1;787;1;532980;1 Intp ;3684;1;532980;1;575460;1 Intp ;209820;1;562716;1;5533;1 Intp ;3886;1;281358;1;8330397;1 Intp ;450357;1 Intp ;7880037;1 Intp ;8;1 Intp ;7;1 Intp ;1;1 Intp ;4;1 Intp ;266;1;59;1;27;0,5 Intp ;5;1 Intp ;1041300;1 Intp ;64337;1 Intp ;7880037;1 Intp ;9005930;1 Intp ;1125741;1 Intp ;51;1
477780;1;543120;1;501420;1;452220;1 nErf ;528360;1 nErf ;494400;1 nErf ;25560;1;14760;1;7020;1;231;1 nErf ;146;1 nErf ;152;1 nErf ;239;1;149;1;153;1;88;1;40;1;84;1;122;1;96;1;5;1;26;1;-3;0 Fehl Impl nErm ;45;1;5;1;3;1;1;1;2068;1;3720;1;3299;1;290;1;369;1;84;1;1892;1;3546;1;3231;1;541936;1;560555;1;513916;1;2346;1;3839;1;3381;1;9852717;1;497697;1;9355017;1;27;1;7;1;28;1;11;1;-3;0 Fehl nErm ;-3;0 Fehl nErm ;61;0,5 ;5;1;364915;1;71100;1;334108;1;10808292;1;400307;1;53;1
402960;1;259260;1;109440;1;400860;1 nErf ;237840;1 nErf ;109080;1 nErf ;2100;1;21420;1;360;1;137;1 nErf ;172;1 nErf ;50;1 nErf ;137;1;181;1;50;1;118;1;77;1;111;1;90;1;142;1;102;1;46;1;34;1;33;1;1;1;8;1;0;1;2941;1;1507;1;2189;1;18;1;278;1;3;1;2926;1;1314;1;2182;1;405459;1;283893;1;109584;1;2960;1;1651;1;2192;1;10624377;1;521577;1;10102797;1;10;1;4;1;10;1;8;1;110;1;46;1;36;0,5 ;5;1;1062438;1;130394;1;1010280;1;11469329;1;1146933;1;70;1
439020;1;449040;1;93000;1;435060;1 nErf ;424620;1 nErf ;86580;1 nErf ;3960;1;24420;1;6420;1;116;1 nErf ;126;1 nErf ;18;1 nErf ;117;1;131;1;18;1;23;1;46;1;12;1;96;1;84;1;80;1;35;1;-3;0 Fehl Impl nErm ;9;1;1;1;5;1;7;1;3785;1;3564;1;5167;1;172;1;531;1;535;1;3718;1;3241;1;4810;1;446702;1;474223;1;96338;1;3851;1;3764;1;5352;1;11605437;1;556377;1;11049057;1;9;1;2;1;10;1;8;1;-3;0 Fehl nErm ;-3;0 Fehl nErm ;32;0,5 ;5;1;1289493;1;278188;1;1104906;1;12529020;1;1392113;1;49;1
350700;1;574380;1;549120;1;329640;1 nErf ;547380;1 nErf ;528300;1 nErf ;21060;1;27000;1;20820;1;215;1 nErf ;60;1 nErf ;132;1 nErf ;228;1;58;1;137;1;4;1;110;1;3;1;184;1;95;1;111;1;47;1;1;1;1;1;6;1;5;1;4;1;1631;1;9573;1;4160;1;5265;1;245;1;6940;1;1446;1;9438;1;3856;1;418934;1;587880;1;613246;1;1949;1;9798;1;4646;1;13079637;1;625257;1;12454377;1;14;1;5;1;14;1;14;1;46;1;47;1;43;0,5 ;5;1;934260;1;125051;1;889598;1;14130066;1;1009290;1;122;1
91320;1;485820;1;571200;1;75420;1 nErf ;457320;1 nErf ;558420;1 nErf ;15900;1;28500;1;12780;1;90;1 nErf ;63;1 nErf ;57;1 nErf ;92;1;64;1;57;1;80;1;49;1;48;1;185;1;23;1;123;1;14;1;8;1;51;1;17;1;6;1;2;1;1015;1;7711;1;10021;1;199;1;582;1;266;1;820;1;7146;1;9797;1;109128;1;502742;1;578612;1;1213;1;7980;1;10151;1;14227977;1;682437;1;13545537;1;5;1;5;1;5;1;7;1;119;1;51;1;18;0,5 ;5;1;2845595;1;136487;1;2709107;1;15251630;1;3050326;1;19;1
535320;1;274680;1;201960;1;520440;1 nErf ;245820;1 nErf ;173760;1 nErf ;14880;1;28860;1;28200;1;16;1 nErf ;130;1 nErf ;93;1 nErf ;16;1;144;1;93;1;22;1;11;1;91;1;141;1;43;1;18;1;14;1;21;1;19;1;3;1;11;1;14;1;33458;1;2113;1;2172;1;676;1;2624;1;310;1;32528;1;1707;1;1868;1;550200;1;313100;1;214368;1;34388;1;2408;1;2305;1;15239937;1;754377;1;14485557;1;4;1;4;1;4;1;6;1;173;1;21;1;21;0,5 ;5;1;3809984;1;188594;1;3621389;1;16371500;1;4092875;1;83;1
226680;1;282840;1;514440;1;209760;1 nErf ;263100;1 nErf ;511020;1 nErf ;16920;1;19740;1;3420;1;205;1 nErf ;83;1 nErf ;106;1 nErf ;219;1;84;1;106;1;33;1;71;1;112;1;33;1;7;1;49;1;22;1;33;1;38;1;7;1;7;1;1;1;1106;1;3408;1;4853;1;513;1;278;1;31;1;958;1;3132;1;4821;1;275071;1;294314;1;515808;1;1342;1;3546;1;4866;1;16263897;1;794457;1;15469437;1;8;1;3;1;8;1;2;1;266;1;38;1;31;0,5 ;5;1;2032987;1;264819;1;1933680;1;17535025;1;2191878;1;82;1
120300;1;201000;1;175080;1;119400;1 nErf ;193800;1 nErf ;162900;1 nErf ;900;1;7200;1;12180;1;148;1 nErf ;216;1 nErf ;15;1 nErf ;148;1;221;1;15;1;120;1;92;1;18;1;60;1;36;1;120;1;30;1;24;1;5;1;1;1;4;1;7;1;813;1;931;1;11672;1;8;1;78;1;677;1;807;1;877;1;10860;1;121452;1;210405;1;179952;1;821;1;974;1;11997;1;16760277;1;814737;1;15945537;1;4;1;1;1;4;1;2;1;325;1;30;1;27;0,5 ;5;1;4190069;1;814737;1;3986384;1;18031264;1;4507816;1;121;1
123480;1;116880;1;261600;1;111540;1 nErf ;104460;1 nErf ;240780;1 nErf ;11940;1;12420;1;20820;1;46;1 nErf ;97;1 nErf ;133;1 nErf ;43;1;98;1;142;1;73;1;85;1;33;1;7;1;102;1;134;1;13;1;38;1;19;1;10;1;11;1;8;1;2684;1;1205;1;1967;1;164;1;146;1;631;1;2594;1;1066;1;1696;1;135420;1;124099;1;315316;1;2944;1;1279;1;2371;1;17262237;1;859917;1;16402317;1;3;1;3;1;3;1;3;1;395;1;38;1;19;0,5 ;5;1;5754079;1;286639;1;5467439;1;18552110;1;6184037;1;45;1
200400;1;163620;1;509940;1;195180;1 nErf ;138540;1 nErf ;509580;1 nErf ;5220;1;25080;1;360;1;112;1 nErf ;24;1 nErf ;227;1 nErf ;113;1;17;1;227;1;68;1;64;1;119;1;176;1;188;1;55;1;5;1;32;1;11;1;3;1;15;1;0;1;1789;1;6818;1;2246;1;77;1;392;1;3;1;1727;1;8149;1;2245;1;207969;1;176160;1;510862;1;1857;1;7340;1;2250;1;18136197;1;890577;1;17245617;1;8;1;2;1;8;1;5;1;443;1;32;1;39;0,5 ;5;1;2267025;1;445288;1;2155702;1;19578929;1;2447366;1;134;1
195060;1;323460;1;323460;1 Intp ;190260;1 nErf ;320160;1 nErf ;320160;1 Intp nErf ;4800;1;3300;1;3300;1 Intp ;31;1 nErf ;235;1 nErf ;2990;1 nErf ;31;1;237;1;237;1 Intp ;46;1;62;1;115;1;72;1;151;1;139;1;44;1;52;1;16;1;2;1;1;1;1;1 Intp ;6292;1;1376;1;108;1 Intp ;104;1;53;1;29;1 Intp ;6137;1;1351;1;1351;1 Intp ;199860;1;328719;1;332832;1 Intp ;6447;1;1399;1;111;1 Intp ;18978177;1 Intp ;901977;1 Intp ;18076197;1 Intp ;55;1 Intp ;1;1 Intp ;9;1 Intp ;6;1 Intp ;555;1;52;1;384;0,5 Intp ;5;1 Intp ;345058;1 Intp ;901977;1 Intp ;2008466;1 Intp ;20475456;1 Intp ;372281;1 Intp ;1224;1
